x-axis,1,2
second,Volt,Volt
-100.002E-06,+60.301507E-03,+60.301507E-03
-99.902E-06,+43.969849E-03,+75.376884E-03
-99.802E-06,+45.226130E-03,+60.301507E-03
-99.702E-06,+60.301507E-03,+75.376884E-03
-99.602E-06,+60.301507E-03,+65.326632E-03
-99.502E-06,+80.402009E-03,+65.326632E-03
-99.402E-06,+60.301507E-03,+65.326632E-03
-99.302E-06,+80.402009E-03,+80.402009E-03
-99.202E-06,+80.402009E-03,+80.402009E-03
-99.102E-06,+65.326632E-03,+80.402009E-03
-99.002E-06,+64.070351E-03,+84.170853E-03
-98.902E-06,+80.402009E-03,+94.221105E-03
-98.802E-06,+80.402009E-03,+100.502511E-03
-98.702E-06,+80.402009E-03,+80.402009E-03
-98.602E-06,+80.402009E-03,+100.502511E-03
-98.502E-06,+80.402009E-03,+105.527637E-03
-98.402E-06,+100.502511E-03,+100.502511E-03
-98.302E-06,+100.502511E-03,+100.502511E-03
-98.202E-06,+100.502511E-03,+104.271356E-03
-98.102E-06,+100.502511E-03,+120.603014E-03
-98.002E-06,+100.502511E-03,+135.678391E-03
-97.902E-06,+120.603014E-03,+120.603014E-03
-97.802E-06,+120.603014E-03,+120.603014E-03
-97.702E-06,+120.603014E-03,+120.603014E-03
-97.602E-06,+120.603014E-03,+120.603014E-03
-97.502E-06,+120.603014E-03,+134.422109E-03
-97.402E-06,+120.603014E-03,+120.603014E-03
-97.302E-06,+120.603014E-03,+140.703516E-03
-97.202E-06,+140.703516E-03,+155.778893E-03
-97.102E-06,+125.628139E-03,+140.703516E-03
-97.002E-06,+135.678391E-03,+140.703516E-03
-96.902E-06,+140.703516E-03,+140.703516E-03
-96.802E-06,+140.703516E-03,+144.472360E-03
-96.702E-06,+140.703516E-03,+140.703516E-03
-96.602E-06,+160.804018E-03,+155.778893E-03
-96.502E-06,+160.804018E-03,+160.804018E-03
-96.402E-06,+155.778893E-03,+160.804018E-03
-96.302E-06,+160.804018E-03,+160.804018E-03
-96.202E-06,+160.804018E-03,+180.904521E-03
-96.102E-06,+160.804018E-03,+165.829144E-03
-96.002E-06,+160.804018E-03,+180.904521E-03
-95.902E-06,+165.829144E-03,+180.904521E-03
-95.802E-06,+164.572863E-03,+164.572863E-03
-95.702E-06,+180.904521E-03,+180.904521E-03
-95.602E-06,+180.904521E-03,+164.572863E-03
-95.502E-06,+165.829144E-03,+180.904521E-03
-95.402E-06,+180.904521E-03,+195.979897E-03
-95.302E-06,+180.904521E-03,+194.723616E-03
-95.202E-06,+180.904521E-03,+180.904521E-03
-95.102E-06,+180.904521E-03,+185.929646E-03
-95.002E-06,+184.673365E-03,+201.005023E-03
-94.902E-06,+194.723616E-03,+201.005023E-03
-94.802E-06,+201.005023E-03,+184.673365E-03
-94.702E-06,+201.005023E-03,+201.005023E-03
-94.602E-06,+201.005023E-03,+204.773867E-03
-94.502E-06,+201.005023E-03,+201.005023E-03
-94.402E-06,+221.105525E-03,+221.105525E-03
-94.302E-06,+221.105525E-03,+214.824118E-03
-94.202E-06,+204.773867E-03,+221.105525E-03
-94.102E-06,+206.030149E-03,+234.924621E-03
-94.002E-06,+221.105525E-03,+221.105525E-03
-93.902E-06,+221.105525E-03,+221.105525E-03
-93.802E-06,+221.105525E-03,+224.874369E-03
-93.702E-06,+221.105525E-03,+221.105525E-03
-93.602E-06,+221.105525E-03,+236.180902E-03
-93.502E-06,+221.105525E-03,+241.206028E-03
-93.402E-06,+236.180902E-03,+236.180902E-03
-93.302E-06,+226.130651E-03,+241.206028E-03
-93.202E-06,+241.206028E-03,+256.281404E-03
-93.102E-06,+241.206028E-03,+241.206028E-03
-93.002E-06,+241.206028E-03,+244.974872E-03
-92.902E-06,+241.206028E-03,+246.231153E-03
-92.802E-06,+256.281404E-03,+241.206028E-03
-92.702E-06,+255.025123E-03,+261.306530E-03
-92.602E-06,+241.206028E-03,+261.306530E-03
-92.502E-06,+246.231153E-03,+275.125625E-03
-92.402E-06,+261.306530E-03,+261.306530E-03
-92.302E-06,+261.306530E-03,+275.125625E-03
-92.202E-06,+261.306530E-03,+281.407032E-03
-92.102E-06,+261.306530E-03,+271.356781E-03
-92.002E-06,+265.075374E-03,+276.381907E-03
-91.902E-06,+275.125625E-03,+275.125625E-03
-91.802E-06,+281.407032E-03,+281.407032E-03
-91.702E-06,+281.407032E-03,+281.407032E-03
-91.602E-06,+265.075374E-03,+281.407032E-03
-91.502E-06,+281.407032E-03,+281.407032E-03
-91.402E-06,+281.407032E-03,+301.507534E-03
-91.302E-06,+281.407032E-03,+281.407032E-03
-91.202E-06,+285.175876E-03,+281.407032E-03
-91.102E-06,+281.407032E-03,+295.226127E-03
-91.002E-06,+296.482409E-03,+301.507534E-03
-90.902E-06,+281.407032E-03,+301.507534E-03
-90.802E-06,+296.482409E-03,+301.507534E-03
-90.702E-06,+301.507534E-03,+301.507534E-03
-90.602E-06,+296.482409E-03,+301.507534E-03
-90.502E-06,+301.507534E-03,+306.532660E-03
-90.402E-06,+301.507534E-03,+305.276379E-03
-90.302E-06,+301.507534E-03,+306.532660E-03
-90.202E-06,+301.507534E-03,+316.582911E-03
-90.102E-06,+301.507534E-03,+306.532660E-03
-90.002E-06,+316.582911E-03,+316.582911E-03
-89.902E-06,+321.608037E-03,+315.326630E-03
-89.802E-06,+321.608037E-03,+321.608037E-03
-89.702E-06,+315.326630E-03,+321.608037E-03
-89.602E-06,+321.608037E-03,+321.608037E-03
-89.502E-06,+321.608037E-03,+335.427132E-03
-89.402E-06,+321.608037E-03,+321.608037E-03
-89.302E-06,+315.326630E-03,+341.708539E-03
-89.202E-06,+321.608037E-03,+325.376881E-03
-89.102E-06,+326.633162E-03,+326.633162E-03
-89.002E-06,+325.376881E-03,+325.376881E-03
-88.902E-06,+341.708539E-03,+341.708539E-03
-88.802E-06,+321.608037E-03,+341.708539E-03
-88.702E-06,+341.708539E-03,+346.733665E-03
-88.602E-06,+341.708539E-03,+341.708539E-03
-88.502E-06,+341.708539E-03,+341.708539E-03
-88.402E-06,+341.708539E-03,+341.708539E-03
-88.302E-06,+341.708539E-03,+346.733665E-03
-88.202E-06,+341.708539E-03,+341.708539E-03
-88.102E-06,+341.708539E-03,+341.708539E-03
-88.002E-06,+345.477383E-03,+345.477383E-03
-87.902E-06,+361.809041E-03,+375.628137E-03
-87.802E-06,+361.809041E-03,+365.577886E-03
-87.702E-06,+361.809041E-03,+361.809041E-03
-87.602E-06,+361.809041E-03,+361.809041E-03
-87.502E-06,+361.809041E-03,+361.809041E-03
-87.402E-06,+361.809041E-03,+361.809041E-03
-87.302E-06,+361.809041E-03,+375.628137E-03
-87.202E-06,+361.809041E-03,+361.809041E-03
-87.102E-06,+366.834167E-03,+361.809041E-03
-87.002E-06,+361.809041E-03,+361.809041E-03
-86.902E-06,+361.809041E-03,+361.809041E-03
-86.802E-06,+361.809041E-03,+361.809041E-03
-86.702E-06,+381.909544E-03,+361.809041E-03
-86.602E-06,+376.884418E-03,+381.909544E-03
-86.502E-06,+381.909544E-03,+375.628137E-03
-86.402E-06,+381.909544E-03,+381.909544E-03
-86.302E-06,+381.909544E-03,+381.909544E-03
-86.202E-06,+381.909544E-03,+381.909544E-03
-86.102E-06,+381.909544E-03,+381.909544E-03
-86.002E-06,+396.984920E-03,+381.909544E-03
-85.902E-06,+381.909544E-03,+386.934669E-03
-85.802E-06,+381.909544E-03,+381.909544E-03
-85.702E-06,+381.909544E-03,+381.909544E-03
-85.602E-06,+381.909544E-03,+402.010046E-03
-85.502E-06,+402.010046E-03,+402.010046E-03
-85.402E-06,+402.010046E-03,+396.984920E-03
-85.302E-06,+402.010046E-03,+395.728639E-03
-85.202E-06,+402.010046E-03,+402.010046E-03
-85.102E-06,+386.934669E-03,+415.829141E-03
-85.002E-06,+381.909544E-03,+402.010046E-03
-84.902E-06,+381.909544E-03,+402.010046E-03
-84.802E-06,+396.984920E-03,+402.010046E-03
-84.702E-06,+402.010046E-03,+402.010046E-03
-84.602E-06,+402.010046E-03,+402.010046E-03
-84.502E-06,+402.010046E-03,+415.829141E-03
-84.402E-06,+402.010046E-03,+402.010046E-03
-84.302E-06,+402.010046E-03,+402.010046E-03
-84.202E-06,+405.778890E-03,+405.778890E-03
-84.102E-06,+402.010046E-03,+415.829141E-03
-84.002E-06,+402.010046E-03,+405.778890E-03
-83.902E-06,+415.829141E-03,+415.829141E-03
-83.802E-06,+402.010046E-03,+405.778890E-03
-83.702E-06,+407.035172E-03,+422.110548E-03
-83.602E-06,+402.010046E-03,+437.185925E-03
-83.502E-06,+407.035172E-03,+422.110548E-03
-83.402E-06,+405.778890E-03,+422.110548E-03
-83.302E-06,+415.829141E-03,+422.110548E-03
-83.202E-06,+417.085423E-03,+417.085423E-03
-83.102E-06,+422.110548E-03,+422.110548E-03
-83.002E-06,+422.110548E-03,+417.085423E-03
-82.902E-06,+415.829141E-03,+422.110548E-03
-82.802E-06,+422.110548E-03,+422.110548E-03
-82.702E-06,+427.135674E-03,+415.829141E-03
-82.602E-06,+422.110548E-03,+422.110548E-03
-82.502E-06,+422.110548E-03,+422.110548E-03
-82.402E-06,+422.110548E-03,+425.879392E-03
-82.302E-06,+442.211051E-03,+435.929644E-03
-82.202E-06,+422.110548E-03,+422.110548E-03
-82.102E-06,+442.211051E-03,+427.135674E-03
-82.002E-06,+422.110548E-03,+437.185925E-03
-81.902E-06,+427.135674E-03,+427.135674E-03
-81.802E-06,+422.110548E-03,+425.879392E-03
-81.702E-06,+442.211051E-03,+422.110548E-03
-81.602E-06,+422.110548E-03,+422.110548E-03
-81.502E-06,+427.135674E-03,+435.929644E-03
-81.402E-06,+437.185925E-03,+425.879392E-03
-81.302E-06,+422.110548E-03,+442.211051E-03
-81.202E-06,+425.879392E-03,+425.879392E-03
-81.102E-06,+422.110548E-03,+442.211051E-03
-81.002E-06,+422.110548E-03,+442.211051E-03
-80.902E-06,+422.110548E-03,+442.211051E-03
-80.802E-06,+442.211051E-03,+425.879392E-03
-80.702E-06,+442.211051E-03,+442.211051E-03
-80.602E-06,+442.211051E-03,+425.879392E-03
-80.502E-06,+442.211051E-03,+427.135674E-03
-80.402E-06,+442.211051E-03,+442.211051E-03
-80.302E-06,+442.211051E-03,+442.211051E-03
-80.202E-06,+442.211051E-03,+425.879392E-03
-80.102E-06,+442.211051E-03,+442.211051E-03
-80.002E-06,+442.211051E-03,+442.211051E-03
-79.902E-06,+442.211051E-03,+447.236176E-03
-79.802E-06,+442.211051E-03,+442.211051E-03
-79.702E-06,+442.211051E-03,+442.211051E-03
-79.602E-06,+437.185925E-03,+442.211051E-03
-79.502E-06,+442.211051E-03,+442.211051E-03
-79.402E-06,+442.211051E-03,+442.211051E-03
-79.302E-06,+442.211051E-03,+442.211051E-03
-79.202E-06,+442.211051E-03,+457.286427E-03
-79.102E-06,+442.211051E-03,+447.236176E-03
-79.002E-06,+442.211051E-03,+445.979895E-03
-78.902E-06,+442.211051E-03,+442.211051E-03
-78.802E-06,+442.211051E-03,+442.211051E-03
-78.702E-06,+456.030146E-03,+442.211051E-03
-78.602E-06,+442.211051E-03,+442.211051E-03
-78.502E-06,+442.211051E-03,+442.211051E-03
-78.402E-06,+442.211051E-03,+442.211051E-03
-78.302E-06,+456.030146E-03,+442.211051E-03
-78.202E-06,+442.211051E-03,+457.286427E-03
-78.102E-06,+442.211051E-03,+442.211051E-03
-78.002E-06,+442.211051E-03,+452.261302E-03
-77.902E-06,+456.030146E-03,+442.211051E-03
-77.802E-06,+442.211051E-03,+442.211051E-03
-77.702E-06,+447.236176E-03,+456.030146E-03
-77.602E-06,+457.286427E-03,+442.211051E-03
-77.502E-06,+442.211051E-03,+447.236176E-03
-77.402E-06,+442.211051E-03,+445.979895E-03
-77.302E-06,+442.211051E-03,+442.211051E-03
-77.202E-06,+442.211051E-03,+445.979895E-03
-77.102E-06,+456.030146E-03,+442.211051E-03
-77.002E-06,+442.211051E-03,+442.211051E-03
-76.902E-06,+456.030146E-03,+442.211051E-03
-76.802E-06,+442.211051E-03,+442.211051E-03
-76.702E-06,+442.211051E-03,+435.929644E-03
-76.602E-06,+425.879392E-03,+442.211051E-03
-76.502E-06,+442.211051E-03,+442.211051E-03
-76.402E-06,+442.211051E-03,+442.211051E-03
-76.302E-06,+442.211051E-03,+442.211051E-03
-76.202E-06,+442.211051E-03,+442.211051E-03
-76.102E-06,+442.211051E-03,+442.211051E-03
-76.002E-06,+442.211051E-03,+442.211051E-03
-75.902E-06,+442.211051E-03,+456.030146E-03
-75.802E-06,+445.979895E-03,+442.211051E-03
-75.702E-06,+442.211051E-03,+442.211051E-03
-75.602E-06,+425.879392E-03,+442.211051E-03
-75.502E-06,+442.211051E-03,+442.211051E-03
-75.402E-06,+442.211051E-03,+442.211051E-03
-75.302E-06,+442.211051E-03,+442.211051E-03
-75.202E-06,+442.211051E-03,+442.211051E-03
-75.102E-06,+442.211051E-03,+442.211051E-03
-75.002E-06,+442.211051E-03,+442.211051E-03
-74.902E-06,+442.211051E-03,+456.030146E-03
-74.802E-06,+442.211051E-03,+442.211051E-03
-74.702E-06,+435.929644E-03,+442.211051E-03
-74.602E-06,+437.185925E-03,+442.211051E-03
-74.502E-06,+442.211051E-03,+435.929644E-03
-74.402E-06,+425.879392E-03,+442.211051E-03
-74.302E-06,+422.110548E-03,+422.110548E-03
-74.202E-06,+442.211051E-03,+422.110548E-03
-74.102E-06,+442.211051E-03,+422.110548E-03
-74.002E-06,+442.211051E-03,+422.110548E-03
-73.902E-06,+442.211051E-03,+422.110548E-03
-73.802E-06,+425.879392E-03,+422.110548E-03
-73.702E-06,+442.211051E-03,+435.929644E-03
-73.602E-06,+422.110548E-03,+422.110548E-03
-73.502E-06,+422.110548E-03,+422.110548E-03
-73.402E-06,+422.110548E-03,+422.110548E-03
-73.302E-06,+422.110548E-03,+422.110548E-03
-73.202E-06,+437.185925E-03,+422.110548E-03
-73.102E-06,+422.110548E-03,+422.110548E-03
-73.002E-06,+422.110548E-03,+422.110548E-03
-72.902E-06,+422.110548E-03,+422.110548E-03
-72.802E-06,+422.110548E-03,+422.110548E-03
-72.702E-06,+422.110548E-03,+422.110548E-03
-72.602E-06,+422.110548E-03,+402.010046E-03
-72.502E-06,+422.110548E-03,+422.110548E-03
-72.402E-06,+422.110548E-03,+405.778890E-03
-72.302E-06,+422.110548E-03,+422.110548E-03
-72.202E-06,+422.110548E-03,+405.778890E-03
-72.102E-06,+415.829141E-03,+415.829141E-03
-72.002E-06,+405.778890E-03,+417.085423E-03
-71.902E-06,+407.035172E-03,+402.010046E-03
-71.802E-06,+405.778890E-03,+402.010046E-03
-71.702E-06,+402.010046E-03,+422.110548E-03
-71.602E-06,+402.010046E-03,+405.778890E-03
-71.502E-06,+407.035172E-03,+402.010046E-03
-71.402E-06,+402.010046E-03,+402.010046E-03
-71.302E-06,+407.035172E-03,+402.010046E-03
-71.202E-06,+402.010046E-03,+402.010046E-03
-71.102E-06,+402.010046E-03,+402.010046E-03
-71.002E-06,+402.010046E-03,+405.778890E-03
-70.902E-06,+402.010046E-03,+402.010046E-03
-70.802E-06,+402.010046E-03,+402.010046E-03
-70.702E-06,+395.728639E-03,+402.010046E-03
-70.602E-06,+402.010046E-03,+402.010046E-03
-70.502E-06,+402.010046E-03,+402.010046E-03
-70.402E-06,+385.678388E-03,+396.984920E-03
-70.302E-06,+395.728639E-03,+381.909544E-03
-70.202E-06,+402.010046E-03,+385.678388E-03
-70.102E-06,+381.909544E-03,+402.010046E-03
-70.002E-06,+402.010046E-03,+402.010046E-03
-69.902E-06,+381.909544E-03,+381.909544E-03
-69.802E-06,+396.984920E-03,+381.909544E-03
-69.702E-06,+402.010046E-03,+381.909544E-03
-69.602E-06,+381.909544E-03,+381.909544E-03
-69.502E-06,+381.909544E-03,+386.934669E-03
-69.402E-06,+381.909544E-03,+381.909544E-03
-69.302E-06,+381.909544E-03,+381.909544E-03
-69.202E-06,+365.577886E-03,+361.809041E-03
-69.102E-06,+381.909544E-03,+361.809041E-03
-69.002E-06,+365.577886E-03,+365.577886E-03
-68.902E-06,+366.834167E-03,+366.834167E-03
-68.802E-06,+361.809041E-03,+381.909544E-03
-68.702E-06,+361.809041E-03,+346.733665E-03
-68.602E-06,+361.809041E-03,+345.477383E-03
-68.502E-06,+366.834167E-03,+355.527634E-03
-68.402E-06,+361.809041E-03,+361.809041E-03
-68.302E-06,+361.809041E-03,+361.809041E-03
-68.202E-06,+361.809041E-03,+361.809041E-03
-68.102E-06,+346.733665E-03,+355.527634E-03
-68.002E-06,+361.809041E-03,+361.809041E-03
-67.902E-06,+361.809041E-03,+346.733665E-03
-67.802E-06,+361.809041E-03,+356.783916E-03
-67.702E-06,+361.809041E-03,+341.708539E-03
-67.602E-06,+341.708539E-03,+341.708539E-03
-67.502E-06,+355.527634E-03,+341.708539E-03
-67.402E-06,+361.809041E-03,+341.708539E-03
-67.302E-06,+341.708539E-03,+341.708539E-03
-67.202E-06,+341.708539E-03,+341.708539E-03
-67.102E-06,+341.708539E-03,+341.708539E-03
-67.002E-06,+341.708539E-03,+341.708539E-03
-66.902E-06,+326.633162E-03,+321.608037E-03
-66.802E-06,+341.708539E-03,+321.608037E-03
-66.702E-06,+341.708539E-03,+341.708539E-03
-66.602E-06,+336.683413E-03,+341.708539E-03
-66.502E-06,+335.427132E-03,+321.608037E-03
-66.402E-06,+321.608037E-03,+321.608037E-03
-66.302E-06,+321.608037E-03,+321.608037E-03
-66.202E-06,+321.608037E-03,+321.608037E-03
-66.102E-06,+335.427132E-03,+306.532660E-03
-66.002E-06,+336.683413E-03,+316.582911E-03
-65.902E-06,+321.608037E-03,+321.608037E-03
-65.802E-06,+321.608037E-03,+305.276379E-03
-65.702E-06,+321.608037E-03,+301.507534E-03
-65.602E-06,+316.582911E-03,+301.507534E-03
-65.502E-06,+321.608037E-03,+301.507534E-03
-65.402E-06,+321.608037E-03,+316.582911E-03
-65.302E-06,+301.507534E-03,+301.507534E-03
-65.202E-06,+301.507534E-03,+285.175876E-03
-65.102E-06,+301.507534E-03,+301.507534E-03
-65.002E-06,+305.276379E-03,+301.507534E-03
-64.902E-06,+301.507534E-03,+286.432158E-03
-64.802E-06,+296.482409E-03,+281.407032E-03
-64.702E-06,+301.507534E-03,+281.407032E-03
-64.602E-06,+296.482409E-03,+281.407032E-03
-64.502E-06,+281.407032E-03,+295.226127E-03
-64.402E-06,+296.482409E-03,+281.407032E-03
-64.302E-06,+281.407032E-03,+281.407032E-03
-64.202E-06,+281.407032E-03,+281.407032E-03
-64.102E-06,+281.407032E-03,+286.432158E-03
-64.002E-06,+281.407032E-03,+276.381907E-03
-63.902E-06,+281.407032E-03,+266.331655E-03
-63.802E-06,+281.407032E-03,+265.075374E-03
-63.702E-06,+261.306530E-03,+261.306530E-03
-63.602E-06,+281.407032E-03,+261.306530E-03
-63.502E-06,+261.306530E-03,+261.306530E-03
-63.402E-06,+261.306530E-03,+241.206028E-03
-63.302E-06,+275.125625E-03,+261.306530E-03
-63.202E-06,+261.306530E-03,+256.281404E-03
-63.102E-06,+261.306530E-03,+255.025123E-03
-63.002E-06,+261.306530E-03,+261.306530E-03
-62.902E-06,+261.306530E-03,+241.206028E-03
-62.802E-06,+244.974872E-03,+241.206028E-03
-62.702E-06,+241.206028E-03,+241.206028E-03
-62.602E-06,+244.974872E-03,+241.206028E-03
-62.502E-06,+241.206028E-03,+241.206028E-03
-62.402E-06,+241.206028E-03,+224.874369E-03
-62.302E-06,+241.206028E-03,+234.924621E-03
-62.202E-06,+221.105525E-03,+221.105525E-03
-62.102E-06,+226.130651E-03,+221.105525E-03
-62.002E-06,+236.180902E-03,+221.105525E-03
-61.902E-06,+221.105525E-03,+221.105525E-03
-61.802E-06,+221.105525E-03,+221.105525E-03
-61.702E-06,+221.105525E-03,+221.105525E-03
-61.602E-06,+221.105525E-03,+204.773867E-03
-61.502E-06,+221.105525E-03,+201.005023E-03
-61.402E-06,+221.105525E-03,+216.080400E-03
-61.302E-06,+221.105525E-03,+201.005023E-03
-61.202E-06,+201.005023E-03,+201.005023E-03
-61.102E-06,+201.005023E-03,+201.005023E-03
-61.002E-06,+201.005023E-03,+184.673365E-03
-60.902E-06,+201.005023E-03,+201.005023E-03
-60.802E-06,+201.005023E-03,+201.005023E-03
-60.702E-06,+201.005023E-03,+185.929646E-03
-60.602E-06,+201.005023E-03,+180.904521E-03
-60.502E-06,+185.929646E-03,+194.723616E-03
-60.402E-06,+195.979897E-03,+195.979897E-03
-60.302E-06,+180.904521E-03,+174.623114E-03
-60.202E-06,+180.904521E-03,+175.879395E-03
-60.102E-06,+180.904521E-03,+180.904521E-03
-60.002E-06,+175.879395E-03,+160.804018E-03
-59.902E-06,+180.904521E-03,+165.829144E-03
-59.802E-06,+180.904521E-03,+164.572863E-03
-59.702E-06,+165.829144E-03,+160.804018E-03
-59.602E-06,+160.804018E-03,+160.804018E-03
-59.502E-06,+174.623114E-03,+160.804018E-03
-59.402E-06,+164.572863E-03,+155.778893E-03
-59.302E-06,+160.804018E-03,+154.522611E-03
-59.202E-06,+160.804018E-03,+140.703516E-03
-59.102E-06,+160.804018E-03,+140.703516E-03
-59.002E-06,+160.804018E-03,+140.703516E-03
-58.902E-06,+145.728642E-03,+140.703516E-03
-58.802E-06,+140.703516E-03,+135.678391E-03
-58.702E-06,+140.703516E-03,+125.628139E-03
-58.602E-06,+144.472360E-03,+124.371858E-03
-58.502E-06,+140.703516E-03,+120.603014E-03
-58.402E-06,+140.703516E-03,+135.678391E-03
-58.302E-06,+120.603014E-03,+120.603014E-03
-58.202E-06,+140.703516E-03,+120.603014E-03
-58.102E-06,+134.422109E-03,+120.603014E-03
-58.002E-06,+120.603014E-03,+120.603014E-03
-57.902E-06,+120.603014E-03,+120.603014E-03
-57.802E-06,+120.603014E-03,+120.603014E-03
-57.702E-06,+100.502511E-03,+100.502511E-03
-57.602E-06,+115.577888E-03,+100.502511E-03
-57.502E-06,+100.502511E-03,+100.502511E-03
-57.402E-06,+100.502511E-03,+100.502511E-03
-57.302E-06,+100.502511E-03,+94.221105E-03
-57.202E-06,+104.271356E-03,+100.502511E-03
-57.102E-06,+100.502511E-03,+80.402009E-03
-57.002E-06,+100.502511E-03,+95.477386E-03
-56.902E-06,+94.221105E-03,+80.402009E-03
-56.802E-06,+100.502511E-03,+80.402009E-03
-56.702E-06,+94.221105E-03,+74.120602E-03
-56.602E-06,+84.170853E-03,+80.402009E-03
-56.502E-06,+80.402009E-03,+65.326632E-03
-56.402E-06,+75.376884E-03,+80.402009E-03
-56.302E-06,+80.402009E-03,+65.326632E-03
-56.202E-06,+64.070351E-03,+60.301507E-03
-56.102E-06,+60.301507E-03,+60.301507E-03
-56.002E-06,+80.402009E-03,+60.301507E-03
-55.902E-06,+80.402009E-03,+54.020100E-03
-55.802E-06,+60.301507E-03,+60.301507E-03
-55.702E-06,+60.301507E-03,+40.201005E-03
-55.602E-06,+60.301507E-03,+43.969849E-03
-55.502E-06,+45.226130E-03,+40.201005E-03
-55.402E-06,+40.201005E-03,+40.201005E-03
-55.302E-06,+40.201005E-03,+33.919598E-03
-55.202E-06,+40.201005E-03,+40.201005E-03
-55.102E-06,+60.301507E-03,+33.919598E-03
-55.002E-06,+43.969849E-03,+20.100502E-03
-54.902E-06,+40.201005E-03,+20.100502E-03
-54.802E-06,+40.201005E-03,+20.100502E-03
-54.702E-06,+40.201005E-03,+20.100502E-03
-54.602E-06,+20.100502E-03,+20.100502E-03
-54.502E-06,+20.100502E-03,+20.100502E-03
-54.402E-06,+15.075377E-03,+0.0E+00
-54.302E-06,+20.100502E-03,+0.0E+00
-54.202E-06,+20.100502E-03,+0.0E+00
-54.102E-06,+0.0E+00,+0.0E+00
-54.002E-06,+15.075377E-03,+0.0E+00
-53.902E-06,+5.025126E-03,+0.0E+00
-53.802E-06,+0.0E+00,+0.0E+00
-53.702E-06,+0.0E+00,-13.819095E-03
-53.602E-06,+0.0E+00,-3.768844E-03
-53.502E-06,+0.0E+00,-20.100502E-03
-53.402E-06,-20.100502E-03,-20.100502E-03
-53.302E-06,+0.0E+00,-20.100502E-03
-53.202E-06,-20.100502E-03,-20.100502E-03
-53.102E-06,-20.100502E-03,-20.100502E-03
-53.002E-06,-20.100502E-03,-35.175879E-03
-52.902E-06,-20.100502E-03,-25.125628E-03
-52.802E-06,-20.100502E-03,-35.175879E-03
-52.702E-06,-25.125628E-03,-40.201005E-03
-52.602E-06,-40.201005E-03,-40.201005E-03
-52.502E-06,-40.201005E-03,-40.201005E-03
-52.402E-06,-35.175879E-03,-40.201005E-03
-52.302E-06,-40.201005E-03,-60.301507E-03
-52.202E-06,-40.201005E-03,-40.201005E-03
-52.102E-06,-60.301507E-03,-60.301507E-03
-52.002E-06,-40.201005E-03,-40.201005E-03
-51.902E-06,-40.201005E-03,-54.020100E-03
-51.802E-06,-40.201005E-03,-60.301507E-03
-51.702E-06,-60.301507E-03,-60.301507E-03
-51.602E-06,-60.301507E-03,-60.301507E-03
-51.502E-06,-60.301507E-03,-65.326632E-03
-51.402E-06,-64.070351E-03,-80.402009E-03
-51.302E-06,-60.301507E-03,-74.120602E-03
-51.202E-06,-75.376884E-03,-80.402009E-03
-51.102E-06,-80.402009E-03,-94.221105E-03
-51.002E-06,-80.402009E-03,-100.502511E-03
-50.902E-06,-80.402009E-03,-100.502511E-03
-50.802E-06,-80.402009E-03,-100.502511E-03
-50.702E-06,-80.402009E-03,-100.502511E-03
-50.602E-06,-84.170853E-03,-95.477386E-03
-50.502E-06,-94.221105E-03,-100.502511E-03
-50.402E-06,-95.477386E-03,-115.577888E-03
-50.302E-06,-100.502511E-03,-105.527637E-03
-50.202E-06,-120.603014E-03,-120.603014E-03
-50.102E-06,-100.502511E-03,-120.603014E-03
-50.002E-06,-100.502511E-03,-135.678391E-03
-49.902E-06,-100.502511E-03,-120.603014E-03
-49.802E-06,-120.603014E-03,-120.603014E-03
-49.702E-06,-114.321607E-03,-134.422109E-03
-49.602E-06,-120.603014E-03,-124.371858E-03
-49.502E-06,-120.603014E-03,-134.422109E-03
-49.402E-06,-120.603014E-03,-124.371858E-03
-49.302E-06,-120.603014E-03,-140.703516E-03
-49.202E-06,-135.678391E-03,-140.703516E-03
-49.102E-06,-134.422109E-03,-140.703516E-03
-49.002E-06,-140.703516E-03,-140.703516E-03
-48.902E-06,-140.703516E-03,-145.728642E-03
-48.802E-06,-140.703516E-03,-155.778893E-03
-48.702E-06,-140.703516E-03,-160.804018E-03
-48.602E-06,-140.703516E-03,-160.804018E-03
-48.502E-06,-160.804018E-03,-160.804018E-03
-48.402E-06,-155.778893E-03,-160.804018E-03
-48.302E-06,-160.804018E-03,-180.904521E-03
-48.202E-06,-160.804018E-03,-180.904521E-03
-48.102E-06,-160.804018E-03,-180.904521E-03
-48.002E-06,-160.804018E-03,-180.904521E-03
-47.902E-06,-160.804018E-03,-174.623114E-03
-47.802E-06,-160.804018E-03,-180.904521E-03
-47.702E-06,-165.829144E-03,-180.904521E-03
-47.602E-06,-180.904521E-03,-195.979897E-03
-47.502E-06,-180.904521E-03,-194.723616E-03
-47.402E-06,-180.904521E-03,-195.979897E-03
-47.302E-06,-180.904521E-03,-201.005023E-03
-47.202E-06,-201.005023E-03,-195.979897E-03
-47.102E-06,-180.904521E-03,-201.005023E-03
-47.002E-06,-195.979897E-03,-201.005023E-03
-46.902E-06,-201.005023E-03,-201.005023E-03
-46.802E-06,-201.005023E-03,-216.080400E-03
-46.702E-06,-201.005023E-03,-221.105525E-03
-46.602E-06,-201.005023E-03,-221.105525E-03
-46.502E-06,-201.005023E-03,-221.105525E-03
-46.402E-06,-216.080400E-03,-221.105525E-03
-46.302E-06,-206.030149E-03,-221.105525E-03
-46.202E-06,-221.105525E-03,-221.105525E-03
-46.102E-06,-206.030149E-03,-234.924621E-03
-46.002E-06,-221.105525E-03,-236.180902E-03
-45.902E-06,-221.105525E-03,-241.206028E-03
-45.802E-06,-221.105525E-03,-241.206028E-03
-45.702E-06,-221.105525E-03,-246.231153E-03
-45.602E-06,-224.874369E-03,-241.206028E-03
-45.502E-06,-241.206028E-03,-241.206028E-03
-45.402E-06,-241.206028E-03,-261.306530E-03
-45.302E-06,-226.130651E-03,-261.306530E-03
-45.202E-06,-241.206028E-03,-244.974872E-03
-45.102E-06,-255.025123E-03,-261.306530E-03
-45.002E-06,-244.974872E-03,-261.306530E-03
-44.902E-06,-241.206028E-03,-261.306530E-03
-44.802E-06,-244.974872E-03,-261.306530E-03
-44.702E-06,-255.025123E-03,-266.331655E-03
-44.602E-06,-244.974872E-03,-261.306530E-03
-44.502E-06,-261.306530E-03,-261.306530E-03
-44.402E-06,-261.306530E-03,-281.407032E-03
-44.302E-06,-261.306530E-03,-281.407032E-03
-44.202E-06,-265.075374E-03,-276.381907E-03
-44.102E-06,-281.407032E-03,-281.407032E-03
-44.002E-06,-281.407032E-03,-296.482409E-03
-43.902E-06,-266.331655E-03,-281.407032E-03
-43.802E-06,-281.407032E-03,-281.407032E-03
-43.702E-06,-281.407032E-03,-286.432158E-03
-43.602E-06,-296.482409E-03,-281.407032E-03
-43.502E-06,-295.226127E-03,-301.507534E-03
-43.402E-06,-281.407032E-03,-316.582911E-03
-43.302E-06,-301.507534E-03,-301.507534E-03
-43.202E-06,-301.507534E-03,-305.276379E-03
-43.102E-06,-301.507534E-03,-306.532660E-03
-43.002E-06,-301.507534E-03,-316.582911E-03
-42.902E-06,-301.507534E-03,-306.532660E-03
-42.802E-06,-301.507534E-03,-316.582911E-03
-42.702E-06,-315.326630E-03,-315.326630E-03
-42.602E-06,-305.276379E-03,-321.608037E-03
-42.502E-06,-321.608037E-03,-321.608037E-03
-42.402E-06,-316.582911E-03,-336.683413E-03
-42.302E-06,-321.608037E-03,-321.608037E-03
-42.202E-06,-321.608037E-03,-321.608037E-03
-42.102E-06,-321.608037E-03,-341.708539E-03
-42.002E-06,-336.683413E-03,-325.376881E-03
-41.902E-06,-321.608037E-03,-321.608037E-03
-41.802E-06,-321.608037E-03,-341.708539E-03
-41.702E-06,-321.608037E-03,-326.633162E-03
-41.602E-06,-341.708539E-03,-341.708539E-03
-41.502E-06,-341.708539E-03,-341.708539E-03
-41.402E-06,-341.708539E-03,-341.708539E-03
-41.302E-06,-341.708539E-03,-355.527634E-03
-41.202E-06,-345.477383E-03,-361.809041E-03
-41.102E-06,-341.708539E-03,-346.733665E-03
-41.002E-06,-356.783916E-03,-356.783916E-03
-40.902E-06,-341.708539E-03,-361.809041E-03
-40.802E-06,-356.783916E-03,-361.809041E-03
-40.702E-06,-361.809041E-03,-361.809041E-03
-40.602E-06,-341.708539E-03,-361.809041E-03
-40.502E-06,-361.809041E-03,-381.909544E-03
-40.402E-06,-361.809041E-03,-361.809041E-03
-40.302E-06,-375.628137E-03,-375.628137E-03
-40.202E-06,-376.884418E-03,-361.809041E-03
-40.102E-06,-361.809041E-03,-381.909544E-03
-40.002E-06,-381.909544E-03,-381.909544E-03
-39.902E-06,-375.628137E-03,-395.728639E-03
-39.802E-06,-376.884418E-03,-381.909544E-03
-39.702E-06,-381.909544E-03,-381.909544E-03
-39.602E-06,-381.909544E-03,-381.909544E-03
-39.502E-06,-381.909544E-03,-395.728639E-03
-39.402E-06,-381.909544E-03,-402.010046E-03
-39.302E-06,-386.934669E-03,-402.010046E-03
-39.202E-06,-381.909544E-03,-402.010046E-03
-39.102E-06,-402.010046E-03,-395.728639E-03
-39.002E-06,-396.984920E-03,-385.678388E-03
-38.902E-06,-381.909544E-03,-415.829141E-03
-38.802E-06,-385.678388E-03,-402.010046E-03
-38.702E-06,-386.934669E-03,-402.010046E-03
-38.602E-06,-396.984920E-03,-417.085423E-03
-38.502E-06,-402.010046E-03,-402.010046E-03
-38.402E-06,-402.010046E-03,-405.778890E-03
-38.302E-06,-415.829141E-03,-422.110548E-03
-38.202E-06,-402.010046E-03,-422.110548E-03
-38.102E-06,-402.010046E-03,-407.035172E-03
-38.002E-06,-402.010046E-03,-422.110548E-03
-37.902E-06,-402.010046E-03,-422.110548E-03
-37.802E-06,-422.110548E-03,-422.110548E-03
-37.702E-06,-422.110548E-03,-422.110548E-03
-37.602E-06,-422.110548E-03,-422.110548E-03
-37.502E-06,-422.110548E-03,-422.110548E-03
-37.402E-06,-422.110548E-03,-437.185925E-03
-37.302E-06,-435.929644E-03,-442.211051E-03
-37.202E-06,-422.110548E-03,-442.211051E-03
-37.102E-06,-422.110548E-03,-442.211051E-03
-37.002E-06,-425.879392E-03,-442.211051E-03
-36.902E-06,-427.135674E-03,-442.211051E-03
-36.802E-06,-442.211051E-03,-442.211051E-03
-36.702E-06,-422.110548E-03,-442.211051E-03
-36.602E-06,-442.211051E-03,-445.979895E-03
-36.502E-06,-442.211051E-03,-462.311553E-03
-36.402E-06,-442.211051E-03,-442.211051E-03
-36.302E-06,-442.211051E-03,-442.211051E-03
-36.202E-06,-442.211051E-03,-442.211051E-03
-36.102E-06,-442.211051E-03,-456.030146E-03
-36.002E-06,-442.211051E-03,-457.286427E-03
-35.902E-06,-442.211051E-03,-442.211051E-03
-35.802E-06,-442.211051E-03,-457.286427E-03
-35.702E-06,-442.211051E-03,-462.311553E-03
-35.602E-06,-457.286427E-03,-457.286427E-03
-35.502E-06,-447.236176E-03,-456.030146E-03
-35.402E-06,-462.311553E-03,-462.311553E-03
-35.302E-06,-442.211051E-03,-462.311553E-03
-35.202E-06,-462.311553E-03,-462.311553E-03
-35.102E-06,-462.311553E-03,-462.311553E-03
-35.002E-06,-462.311553E-03,-466.080397E-03
-34.902E-06,-462.311553E-03,-462.311553E-03
-34.802E-06,-462.311553E-03,-462.311553E-03
-34.702E-06,-462.311553E-03,-482.412055E-03
-34.602E-06,-457.286427E-03,-482.412055E-03
-34.502E-06,-462.311553E-03,-467.336678E-03
-34.402E-06,-462.311553E-03,-462.311553E-03
-34.302E-06,-462.311553E-03,-462.311553E-03
-34.202E-06,-462.311553E-03,-462.311553E-03
-34.102E-06,-482.412055E-03,-476.130648E-03
-34.002E-06,-477.386930E-03,-466.080397E-03
-33.902E-06,-476.130648E-03,-482.412055E-03
-33.802E-06,-482.412055E-03,-477.386930E-03
-33.702E-06,-462.311553E-03,-482.412055E-03
-33.602E-06,-477.386930E-03,-462.311553E-03
-33.502E-06,-482.412055E-03,-482.412055E-03
-33.402E-06,-482.412055E-03,-482.412055E-03
-33.302E-06,-482.412055E-03,-482.412055E-03
-33.202E-06,-466.080397E-03,-482.412055E-03
-33.102E-06,-482.412055E-03,-496.231150E-03
-33.002E-06,-482.412055E-03,-482.412055E-03
-32.902E-06,-482.412055E-03,-482.412055E-03
-32.802E-06,-482.412055E-03,-482.412055E-03
-32.702E-06,-482.412055E-03,-482.412055E-03
-32.602E-06,-482.412055E-03,-486.180899E-03
-32.502E-06,-482.412055E-03,-482.412055E-03
-32.402E-06,-482.412055E-03,-486.180899E-03
-32.302E-06,-496.231150E-03,-502.512557E-03
-32.202E-06,-482.412055E-03,-482.412055E-03
-32.102E-06,-482.412055E-03,-496.231150E-03
-32.002E-06,-482.412055E-03,-486.180899E-03
-31.902E-06,-482.412055E-03,-502.512557E-03
-31.802E-06,-482.412055E-03,-497.487432E-03
-31.702E-06,-502.512557E-03,-496.231150E-03
-31.602E-06,-482.412055E-03,-506.281402E-03
-31.502E-06,-482.412055E-03,-502.512557E-03
-31.402E-06,-497.487432E-03,-502.512557E-03
-31.302E-06,-487.437181E-03,-502.512557E-03
-31.202E-06,-497.487432E-03,-482.412055E-03
-31.102E-06,-487.437181E-03,-502.512557E-03
-31.002E-06,-482.412055E-03,-502.512557E-03
-30.902E-06,-502.512557E-03,-502.512557E-03
-30.802E-06,-482.412055E-03,-502.512557E-03
-30.702E-06,-502.512557E-03,-502.512557E-03
-30.602E-06,-502.512557E-03,-502.512557E-03
-30.502E-06,-496.231150E-03,-516.331653E-03
-30.402E-06,-502.512557E-03,-502.512557E-03
-30.302E-06,-502.512557E-03,-502.512557E-03
-30.202E-06,-502.512557E-03,-502.512557E-03
-30.102E-06,-502.512557E-03,-502.512557E-03
-30.002E-06,-502.512557E-03,-502.512557E-03
-29.902E-06,-496.231150E-03,-522.613060E-03
-29.802E-06,-482.412055E-03,-517.587934E-03
-29.702E-06,-502.512557E-03,-522.613060E-03
-29.602E-06,-482.412055E-03,-517.587934E-03
-29.502E-06,-502.512557E-03,-507.537683E-03
-29.402E-06,-502.512557E-03,-517.587934E-03
-29.302E-06,-502.512557E-03,-502.512557E-03
-29.202E-06,-502.512557E-03,-522.613060E-03
-29.102E-06,-502.512557E-03,-516.331653E-03
-29.002E-06,-502.512557E-03,-502.512557E-03
-28.902E-06,-502.512557E-03,-502.512557E-03
-28.802E-06,-502.512557E-03,-502.512557E-03
-28.702E-06,-502.512557E-03,-516.331653E-03
-28.602E-06,-502.512557E-03,-506.281402E-03
-28.502E-06,-502.512557E-03,-502.512557E-03
-28.402E-06,-502.512557E-03,-517.587934E-03
-28.302E-06,-502.512557E-03,-502.512557E-03
-28.202E-06,-502.512557E-03,-502.512557E-03
-28.102E-06,-502.512557E-03,-502.512557E-03
-28.002E-06,-502.512557E-03,-502.512557E-03
-27.902E-06,-502.512557E-03,-496.231150E-03
-27.802E-06,-502.512557E-03,-506.281402E-03
-27.702E-06,-502.512557E-03,-507.537683E-03
-27.602E-06,-502.512557E-03,-502.512557E-03
-27.502E-06,-502.512557E-03,-516.331653E-03
-27.402E-06,-502.512557E-03,-502.512557E-03
-27.302E-06,-496.231150E-03,-487.437181E-03
-27.202E-06,-502.512557E-03,-522.613060E-03
-27.102E-06,-502.512557E-03,-516.331653E-03
-27.002E-06,-502.512557E-03,-517.587934E-03
-26.902E-06,-502.512557E-03,-507.537683E-03
-26.802E-06,-502.512557E-03,-517.587934E-03
-26.702E-06,-502.512557E-03,-507.537683E-03
-26.602E-06,-502.512557E-03,-517.587934E-03
-26.502E-06,-502.512557E-03,-507.537683E-03
-26.402E-06,-502.512557E-03,-502.512557E-03
-26.302E-06,-502.512557E-03,-502.512557E-03
-26.202E-06,-502.512557E-03,-502.512557E-03
-26.102E-06,-502.512557E-03,-516.331653E-03
-26.002E-06,-502.512557E-03,-502.512557E-03
-25.902E-06,-502.512557E-03,-502.512557E-03
-25.802E-06,-502.512557E-03,-497.487432E-03
-25.702E-06,-502.512557E-03,-482.412055E-03
-25.602E-06,-497.487432E-03,-502.512557E-03
-25.502E-06,-502.512557E-03,-502.512557E-03
-25.402E-06,-502.512557E-03,-502.512557E-03
-25.302E-06,-502.512557E-03,-502.512557E-03
-25.202E-06,-502.512557E-03,-517.587934E-03
-25.102E-06,-502.512557E-03,-502.512557E-03
-25.002E-06,-502.512557E-03,-502.512557E-03
-24.902E-06,-502.512557E-03,-502.512557E-03
-24.802E-06,-502.512557E-03,-497.487432E-03
-24.702E-06,-496.231150E-03,-502.512557E-03
-24.602E-06,-486.180899E-03,-502.512557E-03
-24.502E-06,-502.512557E-03,-516.331653E-03
-24.402E-06,-497.487432E-03,-502.512557E-03
-24.302E-06,-496.231150E-03,-496.231150E-03
-24.202E-06,-502.512557E-03,-497.487432E-03
-24.102E-06,-496.231150E-03,-487.437181E-03
-24.002E-06,-497.487432E-03,-502.512557E-03
-23.902E-06,-482.412055E-03,-482.412055E-03
-23.802E-06,-482.412055E-03,-482.412055E-03
-23.702E-06,-502.512557E-03,-482.412055E-03
-23.602E-06,-482.412055E-03,-482.412055E-03
-23.502E-06,-482.412055E-03,-482.412055E-03
-23.402E-06,-502.512557E-03,-482.412055E-03
-23.302E-06,-482.412055E-03,-482.412055E-03
-23.202E-06,-482.412055E-03,-482.412055E-03
-23.102E-06,-482.412055E-03,-482.412055E-03
-23.002E-06,-482.412055E-03,-482.412055E-03
-22.902E-06,-482.412055E-03,-482.412055E-03
-22.802E-06,-482.412055E-03,-482.412055E-03
-22.702E-06,-482.412055E-03,-487.437181E-03
-22.602E-06,-482.412055E-03,-482.412055E-03
-22.502E-06,-487.437181E-03,-487.437181E-03
-22.402E-06,-482.412055E-03,-482.412055E-03
-22.302E-06,-482.412055E-03,-476.130648E-03
-22.202E-06,-482.412055E-03,-482.412055E-03
-22.102E-06,-462.311553E-03,-482.412055E-03
-22.002E-06,-482.412055E-03,-482.412055E-03
-21.902E-06,-467.336678E-03,-482.412055E-03
-21.802E-06,-477.386930E-03,-466.080397E-03
-21.702E-06,-482.412055E-03,-482.412055E-03
-21.602E-06,-482.412055E-03,-462.311553E-03
-21.502E-06,-476.130648E-03,-476.130648E-03
-21.402E-06,-482.412055E-03,-462.311553E-03
-21.302E-06,-462.311553E-03,-476.130648E-03
-21.202E-06,-462.311553E-03,-462.311553E-03
-21.102E-06,-467.336678E-03,-462.311553E-03
-21.002E-06,-462.311553E-03,-462.311553E-03
-20.902E-06,-462.311553E-03,-462.311553E-03
-20.802E-06,-462.311553E-03,-462.311553E-03
-20.702E-06,-442.211051E-03,-462.311553E-03
-20.602E-06,-466.080397E-03,-445.979895E-03
-20.502E-06,-456.030146E-03,-462.311553E-03
-20.402E-06,-445.979895E-03,-462.311553E-03
-20.302E-06,-442.211051E-03,-462.311553E-03
-20.202E-06,-462.311553E-03,-445.979895E-03
-20.102E-06,-462.311553E-03,-462.311553E-03
-20.002E-06,-462.311553E-03,-457.286427E-03
-19.902E-06,-462.311553E-03,-462.311553E-03
-19.802E-06,-445.979895E-03,-462.311553E-03
-19.702E-06,-442.211051E-03,-442.211051E-03
-19.602E-06,-442.211051E-03,-445.979895E-03
-19.502E-06,-442.211051E-03,-442.211051E-03
-19.402E-06,-442.211051E-03,-442.211051E-03
-19.302E-06,-442.211051E-03,-442.211051E-03
-19.202E-06,-442.211051E-03,-445.979895E-03
-19.102E-06,-442.211051E-03,-427.135674E-03
-19.002E-06,-442.211051E-03,-425.879392E-03
-18.902E-06,-442.211051E-03,-435.929644E-03
-18.802E-06,-442.211051E-03,-422.110548E-03
-18.702E-06,-422.110548E-03,-427.135674E-03
-18.602E-06,-422.110548E-03,-422.110548E-03
-18.502E-06,-422.110548E-03,-422.110548E-03
-18.402E-06,-422.110548E-03,-425.879392E-03
-18.302E-06,-435.929644E-03,-422.110548E-03
-18.202E-06,-422.110548E-03,-437.185925E-03
-18.102E-06,-422.110548E-03,-422.110548E-03
-18.002E-06,-422.110548E-03,-422.110548E-03
-17.902E-06,-422.110548E-03,-422.110548E-03
-17.802E-06,-405.778890E-03,-422.110548E-03
-17.702E-06,-422.110548E-03,-422.110548E-03
-17.602E-06,-422.110548E-03,-402.010046E-03
-17.502E-06,-422.110548E-03,-402.010046E-03
-17.402E-06,-402.010046E-03,-417.085423E-03
-17.302E-06,-402.010046E-03,-402.010046E-03
-17.202E-06,-402.010046E-03,-402.010046E-03
-17.102E-06,-402.010046E-03,-386.934669E-03
-17.002E-06,-402.010046E-03,-402.010046E-03
-16.902E-06,-402.010046E-03,-402.010046E-03
-16.802E-06,-402.010046E-03,-396.984920E-03
-16.702E-06,-402.010046E-03,-395.728639E-03
-16.602E-06,-381.909544E-03,-381.909544E-03
-16.502E-06,-381.909544E-03,-395.728639E-03
-16.402E-06,-381.909544E-03,-396.984920E-03
-16.302E-06,-395.728639E-03,-386.934669E-03
-16.202E-06,-381.909544E-03,-381.909544E-03
-16.102E-06,-395.728639E-03,-381.909544E-03
-16.002E-06,-381.909544E-03,-365.577886E-03
-15.902E-06,-381.909544E-03,-381.909544E-03
-15.802E-06,-381.909544E-03,-376.884418E-03
-15.702E-06,-381.909544E-03,-361.809041E-03
-15.602E-06,-365.577886E-03,-381.909544E-03
-15.502E-06,-375.628137E-03,-361.809041E-03
-15.402E-06,-356.783916E-03,-365.577886E-03
-15.302E-06,-375.628137E-03,-361.809041E-03
-15.202E-06,-361.809041E-03,-361.809041E-03
-15.102E-06,-361.809041E-03,-361.809041E-03
-15.002E-06,-361.809041E-03,-361.809041E-03
-14.902E-06,-361.809041E-03,-355.527634E-03
-14.802E-06,-361.809041E-03,-341.708539E-03
-14.702E-06,-355.527634E-03,-346.733665E-03
-14.602E-06,-341.708539E-03,-341.708539E-03
-14.502E-06,-341.708539E-03,-341.708539E-03
-14.402E-06,-341.708539E-03,-341.708539E-03
-14.302E-06,-341.708539E-03,-341.708539E-03
-14.202E-06,-341.708539E-03,-341.708539E-03
-14.102E-06,-341.708539E-03,-321.608037E-03
-14.002E-06,-341.708539E-03,-325.376881E-03
-13.902E-06,-341.708539E-03,-335.427132E-03
-13.802E-06,-321.608037E-03,-325.376881E-03
-13.702E-06,-321.608037E-03,-321.608037E-03
-13.602E-06,-321.608037E-03,-321.608037E-03
-13.502E-06,-326.633162E-03,-321.608037E-03
-13.402E-06,-321.608037E-03,-321.608037E-03
-13.302E-06,-321.608037E-03,-321.608037E-03
-13.202E-06,-321.608037E-03,-321.608037E-03
-13.102E-06,-321.608037E-03,-306.532660E-03
-13.002E-06,-321.608037E-03,-305.276379E-03
-12.902E-06,-321.608037E-03,-301.507534E-03
-12.802E-06,-321.608037E-03,-301.507534E-03
-12.702E-06,-321.608037E-03,-315.326630E-03
-12.602E-06,-301.507534E-03,-301.507534E-03
-12.502E-06,-315.326630E-03,-301.507534E-03
-12.402E-06,-301.507534E-03,-296.482409E-03
-12.302E-06,-301.507534E-03,-301.507534E-03
-12.202E-06,-301.507534E-03,-281.407032E-03
-12.102E-06,-295.226127E-03,-286.432158E-03
-12.002E-06,-296.482409E-03,-281.407032E-03
-11.902E-06,-295.226127E-03,-281.407032E-03
-11.802E-06,-281.407032E-03,-281.407032E-03
-11.702E-06,-266.331655E-03,-281.407032E-03
-11.602E-06,-281.407032E-03,-261.306530E-03
-11.502E-06,-281.407032E-03,-261.306530E-03
-11.402E-06,-281.407032E-03,-261.306530E-03
-11.302E-06,-261.306530E-03,-266.331655E-03
-11.202E-06,-261.306530E-03,-261.306530E-03
-11.102E-06,-261.306530E-03,-261.306530E-03
-11.002E-06,-261.306530E-03,-261.306530E-03
-10.902E-06,-261.306530E-03,-261.306530E-03
-10.802E-06,-244.974872E-03,-241.206028E-03
-10.702E-06,-255.025123E-03,-241.206028E-03
-10.602E-06,-261.306530E-03,-241.206028E-03
-10.502E-06,-261.306530E-03,-241.206028E-03
-10.402E-06,-241.206028E-03,-241.206028E-03
-10.302E-06,-261.306530E-03,-234.924621E-03
-10.202E-06,-241.206028E-03,-241.206028E-03
-10.102E-06,-241.206028E-03,-241.206028E-03
-10.002E-06,-241.206028E-03,-241.206028E-03
-9.902E-06,-241.206028E-03,-234.924621E-03
-9.802E-06,-241.206028E-03,-221.105525E-03
-9.702E-06,-241.206028E-03,-226.130651E-03
-9.602E-06,-221.105525E-03,-221.105525E-03
-9.502E-06,-221.105525E-03,-221.105525E-03
-9.402E-06,-224.874369E-03,-221.105525E-03
-9.302E-06,-221.105525E-03,-221.105525E-03
-9.202E-06,-221.105525E-03,-201.005023E-03
-9.102E-06,-221.105525E-03,-201.005023E-03
-9.002E-06,-216.080400E-03,-216.080400E-03
-8.902E-06,-206.030149E-03,-201.005023E-03
-8.802E-06,-201.005023E-03,-201.005023E-03
-8.702E-06,-201.005023E-03,-185.929646E-03
-8.602E-06,-201.005023E-03,-184.673365E-03
-8.502E-06,-201.005023E-03,-185.929646E-03
-8.402E-06,-201.005023E-03,-180.904521E-03
-8.302E-06,-180.904521E-03,-180.904521E-03
-8.202E-06,-180.904521E-03,-184.673365E-03
-8.102E-06,-194.723616E-03,-180.904521E-03
-8.002E-06,-180.904521E-03,-180.904521E-03
-7.902E-06,-180.904521E-03,-165.829144E-03
-7.802E-06,-180.904521E-03,-164.572863E-03
-7.702E-06,-174.623114E-03,-165.829144E-03
-7.602E-06,-175.879395E-03,-160.804018E-03
-7.502E-06,-160.804018E-03,-174.623114E-03
-7.402E-06,-160.804018E-03,-160.804018E-03
-7.302E-06,-160.804018E-03,-160.804018E-03
-7.202E-06,-140.703516E-03,-144.472360E-03
-7.102E-06,-160.804018E-03,-145.728642E-03
-7.002E-06,-160.804018E-03,-144.472360E-03
-6.902E-06,-160.804018E-03,-154.522611E-03
-6.802E-06,-160.804018E-03,-140.703516E-03
-6.702E-06,-140.703516E-03,-134.422109E-03
-6.602E-06,-140.703516E-03,-140.703516E-03
-6.502E-06,-140.703516E-03,-134.422109E-03
-6.402E-06,-140.703516E-03,-124.371858E-03
-6.302E-06,-140.703516E-03,-120.603014E-03
-6.202E-06,-135.678391E-03,-120.603014E-03
-6.102E-06,-125.628139E-03,-120.603014E-03
-6.002E-06,-140.703516E-03,-100.502511E-03
-5.902E-06,-120.603014E-03,-120.603014E-03
-5.802E-06,-120.603014E-03,-104.271356E-03
-5.702E-06,-120.603014E-03,-114.321607E-03
-5.602E-06,-104.271356E-03,-100.502511E-03
-5.502E-06,-120.603014E-03,-100.502511E-03
-5.402E-06,-100.502511E-03,-100.502511E-03
-5.302E-06,-100.502511E-03,-94.221105E-03
-5.202E-06,-100.502511E-03,-84.170853E-03
-5.102E-06,-100.502511E-03,-80.402009E-03
-5.002E-06,-100.502511E-03,-80.402009E-03
-4.902E-06,-100.502511E-03,-80.402009E-03
-4.802E-06,-100.502511E-03,-80.402009E-03
-4.702E-06,-80.402009E-03,-80.402009E-03
-4.602E-06,-84.170853E-03,-80.402009E-03
-4.502E-06,-80.402009E-03,-80.402009E-03
-4.402E-06,-80.402009E-03,-80.402009E-03
-4.302E-06,-80.402009E-03,-60.301507E-03
-4.202E-06,-80.402009E-03,-60.301507E-03
-4.102E-06,-60.301507E-03,-60.301507E-03
-4.002E-06,-60.301507E-03,-60.301507E-03
-3.902E-06,-74.120602E-03,-74.120602E-03
-3.802E-06,-75.376884E-03,-60.301507E-03
-3.702E-06,-60.301507E-03,-60.301507E-03
-3.602E-06,-40.201005E-03,-60.301507E-03
-3.502E-06,-54.020100E-03,-40.201005E-03
-3.402E-06,-40.201005E-03,-40.201005E-03
-3.302E-06,-40.201005E-03,-40.201005E-03
-3.202E-06,-40.201005E-03,-23.869346E-03
-3.102E-06,-54.020100E-03,-40.201005E-03
-3.002E-06,-40.201005E-03,-20.100502E-03
-2.902E-06,-40.201005E-03,-40.201005E-03
-2.802E-06,-40.201005E-03,-40.201005E-03
-2.702E-06,-20.100502E-03,-20.100502E-03
-2.602E-06,-35.175879E-03,-20.100502E-03
-2.502E-06,-33.919598E-03,-20.100502E-03
-2.402E-06,-15.075377E-03,-20.100502E-03
-2.302E-06,-20.100502E-03,-5.025126E-03
-2.202E-06,-20.100502E-03,-15.075377E-03
-2.102E-06,-5.025126E-03,+0.0E+00
-2.002E-06,-20.100502E-03,+0.0E+00
-1.902E-06,+0.0E+00,+0.0E+00
-1.802E-06,-3.768844E-03,+0.0E+00
-1.702E-06,+0.0E+00,+5.025126E-03
-1.602E-06,+0.0E+00,+0.0E+00
-1.502E-06,+0.0E+00,+20.100502E-03
-1.402E-06,+0.0E+00,+20.100502E-03
-1.302E-06,+5.025126E-03,+20.100502E-03
-1.202E-06,+20.100502E-03,+20.100502E-03
-1.102E-06,+13.819095E-03,+20.100502E-03
-1.002E-06,+20.100502E-03,+20.100502E-03
-902E-09,+20.100502E-03,+20.100502E-03
-802E-09,+20.100502E-03,+35.175879E-03
-702E-09,+33.919598E-03,+40.201005E-03
-602E-09,+35.175879E-03,+40.201005E-03
-502E-09,+40.201005E-03,+60.301507E-03
-402E-09,+40.201005E-03,+40.201005E-03
-302E-09,+40.201005E-03,+45.226130E-03
-202E-09,+40.201005E-03,+40.201005E-03
-102E-09,+45.226130E-03,+60.301507E-03
-2E-09,+43.969849E-03,+60.301507E-03
+98E-09,+45.226130E-03,+60.301507E-03
+198E-09,+60.301507E-03,+60.301507E-03
+298E-09,+60.301507E-03,+60.301507E-03
+398E-09,+60.301507E-03,+64.070351E-03
+498E-09,+60.301507E-03,+65.326632E-03
+598E-09,+75.376884E-03,+80.402009E-03
+698E-09,+60.301507E-03,+80.402009E-03
+798E-09,+60.301507E-03,+80.402009E-03
+898E-09,+74.120602E-03,+80.402009E-03
+998E-09,+80.402009E-03,+80.402009E-03
+1.098E-06,+80.402009E-03,+80.402009E-03
+1.198E-06,+80.402009E-03,+80.402009E-03
+1.298E-06,+80.402009E-03,+100.502511E-03
+1.398E-06,+84.170853E-03,+100.502511E-03
+1.498E-06,+94.221105E-03,+100.502511E-03
+1.598E-06,+100.502511E-03,+100.502511E-03
+1.698E-06,+80.402009E-03,+100.502511E-03
+1.798E-06,+100.502511E-03,+115.577888E-03
+1.898E-06,+100.502511E-03,+120.603014E-03
+1.998E-06,+100.502511E-03,+115.577888E-03
+2.098E-06,+120.603014E-03,+105.527637E-03
+2.198E-06,+100.502511E-03,+120.603014E-03
+2.298E-06,+120.603014E-03,+120.603014E-03
+2.398E-06,+120.603014E-03,+135.678391E-03
+2.498E-06,+120.603014E-03,+125.628139E-03
+2.598E-06,+120.603014E-03,+135.678391E-03
+2.698E-06,+120.603014E-03,+134.422109E-03
+2.798E-06,+124.371858E-03,+124.371858E-03
+2.898E-06,+125.628139E-03,+125.628139E-03
+2.998E-06,+140.703516E-03,+155.778893E-03
+3.098E-06,+140.703516E-03,+140.703516E-03
+3.198E-06,+140.703516E-03,+160.804018E-03
+3.298E-06,+154.522611E-03,+160.804018E-03
+3.398E-06,+140.703516E-03,+160.804018E-03
+3.498E-06,+140.703516E-03,+160.804018E-03
+3.598E-06,+155.778893E-03,+144.472360E-03
+3.698E-06,+145.728642E-03,+160.804018E-03
+3.798E-06,+155.778893E-03,+160.804018E-03
+3.898E-06,+160.804018E-03,+180.904521E-03
+3.998E-06,+160.804018E-03,+164.572863E-03
+4.098E-06,+174.623114E-03,+180.904521E-03
+4.198E-06,+175.879395E-03,+164.572863E-03
+4.298E-06,+160.804018E-03,+180.904521E-03
+4.398E-06,+175.879395E-03,+180.904521E-03
+4.498E-06,+180.904521E-03,+185.929646E-03
+4.598E-06,+180.904521E-03,+180.904521E-03
+4.698E-06,+180.904521E-03,+185.929646E-03
+4.798E-06,+180.904521E-03,+175.879395E-03
+4.898E-06,+180.904521E-03,+201.005023E-03
+4.998E-06,+195.979897E-03,+201.005023E-03
+5.098E-06,+194.723616E-03,+201.005023E-03
+5.198E-06,+201.005023E-03,+201.005023E-03
+5.298E-06,+194.723616E-03,+214.824118E-03
+5.398E-06,+201.005023E-03,+221.105525E-03
+5.498E-06,+201.005023E-03,+221.105525E-03
+5.598E-06,+201.005023E-03,+204.773867E-03
+5.698E-06,+201.005023E-03,+221.105525E-03
+5.798E-06,+216.080400E-03,+221.105525E-03
+5.898E-06,+206.030149E-03,+221.105525E-03
+5.998E-06,+221.105525E-03,+221.105525E-03
+6.098E-06,+221.105525E-03,+221.105525E-03
+6.198E-06,+221.105525E-03,+221.105525E-03
+6.298E-06,+221.105525E-03,+241.206028E-03
+6.398E-06,+221.105525E-03,+236.180902E-03
+6.498E-06,+241.206028E-03,+226.130651E-03
+6.598E-06,+221.105525E-03,+236.180902E-03
+6.698E-06,+234.924621E-03,+241.206028E-03
+6.798E-06,+236.180902E-03,+256.281404E-03
+6.898E-06,+241.206028E-03,+241.206028E-03
+6.998E-06,+241.206028E-03,+261.306530E-03
+7.098E-06,+241.206028E-03,+241.206028E-03
+7.198E-06,+241.206028E-03,+256.281404E-03
+7.298E-06,+261.306530E-03,+246.231153E-03
+7.398E-06,+244.974872E-03,+244.974872E-03
+7.498E-06,+255.025123E-03,+255.025123E-03
+7.598E-06,+261.306530E-03,+261.306530E-03
+7.698E-06,+261.306530E-03,+266.331655E-03
+7.798E-06,+261.306530E-03,+261.306530E-03
+7.898E-06,+261.306530E-03,+281.407032E-03
+7.998E-06,+261.306530E-03,+281.407032E-03
+8.098E-06,+275.125625E-03,+266.331655E-03
+8.198E-06,+276.381907E-03,+265.075374E-03
+8.298E-06,+275.125625E-03,+266.331655E-03
+8.398E-06,+265.075374E-03,+281.407032E-03
+8.498E-06,+281.407032E-03,+281.407032E-03
+8.598E-06,+281.407032E-03,+296.482409E-03
+8.698E-06,+281.407032E-03,+301.507534E-03
+8.798E-06,+281.407032E-03,+281.407032E-03
+8.898E-06,+281.407032E-03,+286.432158E-03
+8.998E-06,+285.175876E-03,+296.482409E-03
+9.098E-06,+301.507534E-03,+301.507534E-03
+9.198E-06,+296.482409E-03,+301.507534E-03
+9.298E-06,+286.432158E-03,+301.507534E-03
+9.398E-06,+301.507534E-03,+301.507534E-03
+9.498E-06,+301.507534E-03,+301.507534E-03
+9.598E-06,+301.507534E-03,+301.507534E-03
+9.698E-06,+301.507534E-03,+301.507534E-03
+9.798E-06,+305.276379E-03,+321.608037E-03
+9.898E-06,+301.507534E-03,+315.326630E-03
+9.998E-06,+301.507534E-03,+301.507534E-03
+10.098E-06,+301.507534E-03,+321.608037E-03
+10.198E-06,+321.608037E-03,+321.608037E-03
+10.298E-06,+321.608037E-03,+321.608037E-03
+10.398E-06,+321.608037E-03,+321.608037E-03
+10.498E-06,+321.608037E-03,+326.633162E-03
+10.598E-06,+321.608037E-03,+336.683413E-03
+10.698E-06,+321.608037E-03,+335.427132E-03
+10.798E-06,+321.608037E-03,+341.708539E-03
+10.898E-06,+321.608037E-03,+341.708539E-03
+10.998E-06,+321.608037E-03,+341.708539E-03
+11.098E-06,+341.708539E-03,+341.708539E-03
+11.198E-06,+341.708539E-03,+341.708539E-03
+11.298E-06,+335.427132E-03,+335.427132E-03
+11.398E-06,+341.708539E-03,+341.708539E-03
+11.498E-06,+341.708539E-03,+341.708539E-03
+11.598E-06,+341.708539E-03,+361.809041E-03
+11.698E-06,+341.708539E-03,+341.708539E-03
+11.798E-06,+345.477383E-03,+356.783916E-03
+11.898E-06,+341.708539E-03,+346.733665E-03
+11.998E-06,+345.477383E-03,+361.809041E-03
+12.098E-06,+361.809041E-03,+341.708539E-03
+12.198E-06,+356.783916E-03,+361.809041E-03
+12.298E-06,+355.527634E-03,+346.733665E-03
+12.398E-06,+361.809041E-03,+361.809041E-03
+12.498E-06,+361.809041E-03,+361.809041E-03
+12.598E-06,+361.809041E-03,+361.809041E-03
+12.698E-06,+366.834167E-03,+361.809041E-03
+12.798E-06,+361.809041E-03,+361.809041E-03
+12.898E-06,+361.809041E-03,+375.628137E-03
+12.998E-06,+365.577886E-03,+381.909544E-03
+13.098E-06,+361.809041E-03,+381.909544E-03
+13.198E-06,+361.809041E-03,+365.577886E-03
+13.298E-06,+381.909544E-03,+381.909544E-03
+13.398E-06,+365.577886E-03,+381.909544E-03
+13.498E-06,+366.834167E-03,+381.909544E-03
+13.598E-06,+376.884418E-03,+381.909544E-03
+13.698E-06,+381.909544E-03,+381.909544E-03
+13.798E-06,+381.909544E-03,+381.909544E-03
+13.898E-06,+381.909544E-03,+395.728639E-03
+13.998E-06,+381.909544E-03,+381.909544E-03
+14.098E-06,+381.909544E-03,+381.909544E-03
+14.198E-06,+402.010046E-03,+381.909544E-03
+14.298E-06,+381.909544E-03,+402.010046E-03
+14.398E-06,+381.909544E-03,+385.678388E-03
+14.498E-06,+386.934669E-03,+402.010046E-03
+14.598E-06,+396.984920E-03,+385.678388E-03
+14.698E-06,+395.728639E-03,+381.909544E-03
+14.798E-06,+381.909544E-03,+402.010046E-03
+14.898E-06,+395.728639E-03,+402.010046E-03
+14.998E-06,+402.010046E-03,+402.010046E-03
+15.098E-06,+402.010046E-03,+402.010046E-03
+15.198E-06,+402.010046E-03,+402.010046E-03
+15.298E-06,+402.010046E-03,+407.035172E-03
+15.398E-06,+402.010046E-03,+402.010046E-03
+15.498E-06,+402.010046E-03,+402.010046E-03
+15.598E-06,+402.010046E-03,+402.010046E-03
+15.698E-06,+415.829141E-03,+415.829141E-03
+15.798E-06,+396.984920E-03,+422.110548E-03
+15.898E-06,+407.035172E-03,+407.035172E-03
+15.998E-06,+417.085423E-03,+417.085423E-03
+16.098E-06,+402.010046E-03,+402.010046E-03
+16.198E-06,+422.110548E-03,+422.110548E-03
+16.298E-06,+407.035172E-03,+422.110548E-03
+16.398E-06,+422.110548E-03,+405.778890E-03
+16.498E-06,+422.110548E-03,+422.110548E-03
+16.598E-06,+422.110548E-03,+425.879392E-03
+16.698E-06,+422.110548E-03,+422.110548E-03
+16.798E-06,+405.778890E-03,+405.778890E-03
+16.898E-06,+422.110548E-03,+402.010046E-03
+16.998E-06,+422.110548E-03,+422.110548E-03
+17.098E-06,+422.110548E-03,+422.110548E-03
+17.198E-06,+422.110548E-03,+422.110548E-03
+17.298E-06,+422.110548E-03,+422.110548E-03
+17.398E-06,+422.110548E-03,+422.110548E-03
+17.498E-06,+422.110548E-03,+422.110548E-03
+17.598E-06,+437.185925E-03,+425.879392E-03
+17.698E-06,+422.110548E-03,+427.135674E-03
+17.798E-06,+425.879392E-03,+422.110548E-03
+17.898E-06,+427.135674E-03,+442.211051E-03
+17.998E-06,+422.110548E-03,+437.185925E-03
+18.098E-06,+422.110548E-03,+427.135674E-03
+18.198E-06,+422.110548E-03,+425.879392E-03
+18.298E-06,+442.211051E-03,+422.110548E-03
+18.398E-06,+422.110548E-03,+442.211051E-03
+18.498E-06,+427.135674E-03,+442.211051E-03
+18.598E-06,+405.778890E-03,+422.110548E-03
+18.698E-06,+442.211051E-03,+442.211051E-03
+18.798E-06,+422.110548E-03,+437.185925E-03
+18.898E-06,+435.929644E-03,+442.211051E-03
+18.998E-06,+437.185925E-03,+442.211051E-03
+19.098E-06,+435.929644E-03,+435.929644E-03
+19.198E-06,+442.211051E-03,+442.211051E-03
+19.298E-06,+447.236176E-03,+427.135674E-03
+19.398E-06,+442.211051E-03,+442.211051E-03
+19.498E-06,+442.211051E-03,+442.211051E-03
+19.598E-06,+422.110548E-03,+442.211051E-03
+19.698E-06,+435.929644E-03,+442.211051E-03
+19.798E-06,+442.211051E-03,+442.211051E-03
+19.898E-06,+442.211051E-03,+442.211051E-03
+19.998E-06,+442.211051E-03,+442.211051E-03
+20.098E-06,+442.211051E-03,+442.211051E-03
+20.198E-06,+437.185925E-03,+425.879392E-03
+20.298E-06,+442.211051E-03,+442.211051E-03
+20.398E-06,+442.211051E-03,+442.211051E-03
+20.498E-06,+442.211051E-03,+442.211051E-03
+20.598E-06,+442.211051E-03,+442.211051E-03
+20.698E-06,+447.236176E-03,+442.211051E-03
+20.798E-06,+442.211051E-03,+437.185925E-03
+20.898E-06,+442.211051E-03,+447.236176E-03
+20.998E-06,+442.211051E-03,+442.211051E-03
+21.098E-06,+447.236176E-03,+451.005020E-03
+21.198E-06,+442.211051E-03,+442.211051E-03
+21.298E-06,+447.236176E-03,+435.929644E-03
+21.398E-06,+442.211051E-03,+442.211051E-03
+21.498E-06,+442.211051E-03,+442.211051E-03
+21.598E-06,+442.211051E-03,+445.979895E-03
+21.698E-06,+456.030146E-03,+427.135674E-03
+21.798E-06,+442.211051E-03,+442.211051E-03
+21.898E-06,+442.211051E-03,+442.211051E-03
+21.998E-06,+442.211051E-03,+442.211051E-03
+22.098E-06,+447.236176E-03,+442.211051E-03
+22.198E-06,+442.211051E-03,+445.979895E-03
+22.298E-06,+442.211051E-03,+442.211051E-03
+22.398E-06,+442.211051E-03,+442.211051E-03
+22.498E-06,+456.030146E-03,+442.211051E-03
+22.598E-06,+442.211051E-03,+442.211051E-03
+22.698E-06,+442.211051E-03,+442.211051E-03
+22.798E-06,+445.979895E-03,+442.211051E-03
+22.898E-06,+442.211051E-03,+442.211051E-03
+22.998E-06,+442.211051E-03,+442.211051E-03
+23.098E-06,+442.211051E-03,+442.211051E-03
+23.198E-06,+442.211051E-03,+442.211051E-03
+23.298E-06,+442.211051E-03,+435.929644E-03
+23.398E-06,+442.211051E-03,+457.286427E-03
+23.498E-06,+442.211051E-03,+442.211051E-03
+23.598E-06,+442.211051E-03,+457.286427E-03
+23.698E-06,+442.211051E-03,+442.211051E-03
+23.798E-06,+442.211051E-03,+442.211051E-03
+23.898E-06,+442.211051E-03,+442.211051E-03
+23.998E-06,+442.211051E-03,+437.185925E-03
+24.098E-06,+442.211051E-03,+442.211051E-03
+24.198E-06,+445.979895E-03,+442.211051E-03
+24.298E-06,+442.211051E-03,+442.211051E-03
+24.398E-06,+442.211051E-03,+442.211051E-03
+24.498E-06,+442.211051E-03,+442.211051E-03
+24.598E-06,+442.211051E-03,+442.211051E-03
+24.698E-06,+442.211051E-03,+435.929644E-03
+24.798E-06,+442.211051E-03,+442.211051E-03
+24.898E-06,+442.211051E-03,+442.211051E-03
+24.998E-06,+442.211051E-03,+422.110548E-03
+25.098E-06,+442.211051E-03,+442.211051E-03
+25.198E-06,+442.211051E-03,+425.879392E-03
+25.298E-06,+442.211051E-03,+427.135674E-03
+25.398E-06,+425.879392E-03,+437.185925E-03
+25.498E-06,+442.211051E-03,+427.135674E-03
+25.598E-06,+442.211051E-03,+425.879392E-03
+25.698E-06,+427.135674E-03,+422.110548E-03
+25.798E-06,+437.185925E-03,+437.185925E-03
+25.898E-06,+442.211051E-03,+422.110548E-03
+25.998E-06,+437.185925E-03,+422.110548E-03
+26.098E-06,+435.929644E-03,+422.110548E-03
+26.198E-06,+442.211051E-03,+425.879392E-03
+26.298E-06,+442.211051E-03,+422.110548E-03
+26.398E-06,+442.211051E-03,+422.110548E-03
+26.498E-06,+422.110548E-03,+422.110548E-03
+26.598E-06,+422.110548E-03,+437.185925E-03
+26.698E-06,+422.110548E-03,+435.929644E-03
+26.798E-06,+422.110548E-03,+422.110548E-03
+26.898E-06,+422.110548E-03,+422.110548E-03
+26.998E-06,+422.110548E-03,+422.110548E-03
+27.098E-06,+422.110548E-03,+422.110548E-03
+27.198E-06,+422.110548E-03,+417.085423E-03
+27.298E-06,+422.110548E-03,+422.110548E-03
+27.398E-06,+417.085423E-03,+405.778890E-03
+27.498E-06,+422.110548E-03,+407.035172E-03
+27.598E-06,+402.010046E-03,+422.110548E-03
+27.698E-06,+422.110548E-03,+422.110548E-03
+27.798E-06,+422.110548E-03,+405.778890E-03
+27.898E-06,+422.110548E-03,+407.035172E-03
+27.998E-06,+422.110548E-03,+405.778890E-03
+28.098E-06,+415.829141E-03,+422.110548E-03
+28.198E-06,+405.778890E-03,+402.010046E-03
+28.298E-06,+402.010046E-03,+402.010046E-03
+28.398E-06,+417.085423E-03,+402.010046E-03
+28.498E-06,+402.010046E-03,+415.829141E-03
+28.598E-06,+402.010046E-03,+396.984920E-03
+28.698E-06,+407.035172E-03,+402.010046E-03
+28.798E-06,+402.010046E-03,+402.010046E-03
+28.898E-06,+402.010046E-03,+395.728639E-03
+28.998E-06,+402.010046E-03,+402.010046E-03
+29.098E-06,+402.010046E-03,+386.934669E-03
+29.198E-06,+402.010046E-03,+396.984920E-03
+29.298E-06,+402.010046E-03,+402.010046E-03
+29.398E-06,+402.010046E-03,+402.010046E-03
+29.498E-06,+402.010046E-03,+381.909544E-03
+29.598E-06,+381.909544E-03,+381.909544E-03
+29.698E-06,+386.934669E-03,+395.728639E-03
+29.798E-06,+402.010046E-03,+385.678388E-03
+29.898E-06,+381.909544E-03,+381.909544E-03
+29.998E-06,+385.678388E-03,+381.909544E-03
+30.098E-06,+381.909544E-03,+381.909544E-03
+30.198E-06,+381.909544E-03,+381.909544E-03
+30.298E-06,+381.909544E-03,+381.909544E-03
+30.398E-06,+396.984920E-03,+381.909544E-03
+30.498E-06,+381.909544E-03,+381.909544E-03
+30.598E-06,+381.909544E-03,+381.909544E-03
+30.698E-06,+381.909544E-03,+381.909544E-03
+30.798E-06,+381.909544E-03,+361.809041E-03
+30.898E-06,+381.909544E-03,+381.909544E-03
+30.998E-06,+381.909544E-03,+361.809041E-03
+31.098E-06,+381.909544E-03,+381.909544E-03
+31.198E-06,+361.809041E-03,+361.809041E-03
+31.298E-06,+366.834167E-03,+366.834167E-03
+31.398E-06,+361.809041E-03,+365.577886E-03
+31.498E-06,+381.909544E-03,+361.809041E-03
+31.598E-06,+361.809041E-03,+361.809041E-03
+31.698E-06,+361.809041E-03,+361.809041E-03
+31.798E-06,+361.809041E-03,+361.809041E-03
+31.898E-06,+361.809041E-03,+355.527634E-03
+31.998E-06,+361.809041E-03,+345.477383E-03
+32.098E-06,+361.809041E-03,+341.708539E-03
+32.198E-06,+341.708539E-03,+341.708539E-03
+32.298E-06,+355.527634E-03,+341.708539E-03
+32.398E-06,+361.809041E-03,+345.477383E-03
+32.498E-06,+355.527634E-03,+341.708539E-03
+32.598E-06,+361.809041E-03,+341.708539E-03
+32.698E-06,+341.708539E-03,+341.708539E-03
+32.798E-06,+345.477383E-03,+341.708539E-03
+32.898E-06,+341.708539E-03,+335.427132E-03
+32.998E-06,+356.783916E-03,+325.376881E-03
+33.098E-06,+341.708539E-03,+335.427132E-03
+33.198E-06,+336.683413E-03,+336.683413E-03
+33.298E-06,+341.708539E-03,+341.708539E-03
+33.398E-06,+341.708539E-03,+325.376881E-03
+33.498E-06,+335.427132E-03,+321.608037E-03
+33.598E-06,+325.376881E-03,+321.608037E-03
+33.698E-06,+321.608037E-03,+335.427132E-03
+33.798E-06,+321.608037E-03,+321.608037E-03
+33.898E-06,+306.532660E-03,+321.608037E-03
+33.998E-06,+321.608037E-03,+321.608037E-03
+34.098E-06,+326.633162E-03,+321.608037E-03
+34.198E-06,+321.608037E-03,+301.507534E-03
+34.298E-06,+321.608037E-03,+321.608037E-03
+34.398E-06,+316.582911E-03,+301.507534E-03
+34.498E-06,+315.326630E-03,+301.507534E-03
+34.598E-06,+301.507534E-03,+301.507534E-03
+34.698E-06,+301.507534E-03,+301.507534E-03
+34.798E-06,+301.507534E-03,+301.507534E-03
+34.898E-06,+295.226127E-03,+301.507534E-03
+34.998E-06,+301.507534E-03,+285.175876E-03
+35.098E-06,+301.507534E-03,+301.507534E-03
+35.198E-06,+281.407032E-03,+281.407032E-03
+35.298E-06,+301.507534E-03,+295.226127E-03
+35.398E-06,+285.175876E-03,+281.407032E-03
+35.498E-06,+301.507534E-03,+301.507534E-03
+35.598E-06,+301.507534E-03,+281.407032E-03
+35.698E-06,+281.407032E-03,+281.407032E-03
+35.798E-06,+281.407032E-03,+281.407032E-03
+35.898E-06,+281.407032E-03,+281.407032E-03
+35.998E-06,+281.407032E-03,+281.407032E-03
+36.098E-06,+281.407032E-03,+261.306530E-03
+36.198E-06,+281.407032E-03,+265.075374E-03
+36.298E-06,+281.407032E-03,+261.306530E-03
+36.398E-06,+261.306530E-03,+276.381907E-03
+36.498E-06,+266.331655E-03,+261.306530E-03
+36.598E-06,+265.075374E-03,+261.306530E-03
+36.698E-06,+261.306530E-03,+261.306530E-03
+36.798E-06,+241.206028E-03,+261.306530E-03
+36.898E-06,+246.231153E-03,+261.306530E-03
+36.998E-06,+261.306530E-03,+244.974872E-03
+37.098E-06,+255.025123E-03,+255.025123E-03
+37.198E-06,+261.306530E-03,+241.206028E-03
+37.298E-06,+261.306530E-03,+246.231153E-03
+37.398E-06,+261.306530E-03,+241.206028E-03
+37.498E-06,+241.206028E-03,+241.206028E-03
+37.598E-06,+241.206028E-03,+236.180902E-03
+37.698E-06,+246.231153E-03,+221.105525E-03
+37.798E-06,+241.206028E-03,+221.105525E-03
+37.898E-06,+226.130651E-03,+234.924621E-03
+37.998E-06,+224.874369E-03,+221.105525E-03
+38.098E-06,+221.105525E-03,+221.105525E-03
+38.198E-06,+221.105525E-03,+204.773867E-03
+38.298E-06,+221.105525E-03,+221.105525E-03
+38.398E-06,+221.105525E-03,+221.105525E-03
+38.498E-06,+221.105525E-03,+214.824118E-03
+38.598E-06,+221.105525E-03,+201.005023E-03
+38.698E-06,+221.105525E-03,+201.005023E-03
+38.798E-06,+216.080400E-03,+201.005023E-03
+38.898E-06,+201.005023E-03,+201.005023E-03
+38.998E-06,+201.005023E-03,+195.979897E-03
+39.098E-06,+214.824118E-03,+201.005023E-03
+39.198E-06,+195.979897E-03,+195.979897E-03
+39.298E-06,+201.005023E-03,+201.005023E-03
+39.398E-06,+201.005023E-03,+195.979897E-03
+39.498E-06,+201.005023E-03,+194.723616E-03
+39.598E-06,+201.005023E-03,+180.904521E-03
+39.698E-06,+185.929646E-03,+180.904521E-03
+39.798E-06,+180.904521E-03,+180.904521E-03
+39.898E-06,+180.904521E-03,+160.804018E-03
+39.998E-06,+164.572863E-03,+160.804018E-03
+40.098E-06,+180.904521E-03,+160.804018E-03
+40.198E-06,+180.904521E-03,+164.572863E-03
+40.298E-06,+160.804018E-03,+160.804018E-03
+40.398E-06,+160.804018E-03,+160.804018E-03
+40.498E-06,+160.804018E-03,+160.804018E-03
+40.598E-06,+160.804018E-03,+160.804018E-03
+40.698E-06,+160.804018E-03,+160.804018E-03
+40.798E-06,+160.804018E-03,+144.472360E-03
+40.898E-06,+160.804018E-03,+140.703516E-03
+40.998E-06,+160.804018E-03,+140.703516E-03
+41.098E-06,+140.703516E-03,+145.728642E-03
+41.198E-06,+140.703516E-03,+140.703516E-03
+41.298E-06,+154.522611E-03,+140.703516E-03
+41.398E-06,+140.703516E-03,+140.703516E-03
+41.498E-06,+140.703516E-03,+134.422109E-03
+41.598E-06,+124.371858E-03,+140.703516E-03
+41.698E-06,+140.703516E-03,+120.603014E-03
+41.798E-06,+135.678391E-03,+120.603014E-03
+41.898E-06,+140.703516E-03,+120.603014E-03
+41.998E-06,+120.603014E-03,+120.603014E-03
+42.098E-06,+120.603014E-03,+105.527637E-03
+42.198E-06,+120.603014E-03,+100.502511E-03
+42.298E-06,+120.603014E-03,+100.502511E-03
+42.398E-06,+120.603014E-03,+104.271356E-03
+42.498E-06,+100.502511E-03,+105.527637E-03
+42.598E-06,+104.271356E-03,+100.502511E-03
+42.698E-06,+100.502511E-03,+94.221105E-03
+42.798E-06,+100.502511E-03,+100.502511E-03
+42.898E-06,+100.502511E-03,+100.502511E-03
+42.998E-06,+100.502511E-03,+80.402009E-03
+43.098E-06,+100.502511E-03,+80.402009E-03
+43.198E-06,+80.402009E-03,+80.402009E-03
+43.298E-06,+80.402009E-03,+80.402009E-03
+43.398E-06,+80.402009E-03,+80.402009E-03
+43.498E-06,+74.120602E-03,+60.301507E-03
+43.598E-06,+80.402009E-03,+64.070351E-03
+43.698E-06,+80.402009E-03,+60.301507E-03
+43.798E-06,+80.402009E-03,+60.301507E-03
+43.898E-06,+80.402009E-03,+60.301507E-03
+43.998E-06,+75.376884E-03,+43.969849E-03
+44.098E-06,+60.301507E-03,+60.301507E-03
+44.198E-06,+43.969849E-03,+43.969849E-03
+44.298E-06,+60.301507E-03,+60.301507E-03
+44.398E-06,+60.301507E-03,+40.201005E-03
+44.498E-06,+60.301507E-03,+40.201005E-03
+44.598E-06,+40.201005E-03,+40.201005E-03
+44.698E-06,+60.301507E-03,+40.201005E-03
+44.798E-06,+40.201005E-03,+20.100502E-03
+44.898E-06,+40.201005E-03,+33.919598E-03
+44.998E-06,+40.201005E-03,+20.100502E-03
+45.098E-06,+40.201005E-03,+33.919598E-03
+45.198E-06,+23.869346E-03,+20.100502E-03
+45.298E-06,+20.100502E-03,+20.100502E-03
+45.398E-06,+23.869346E-03,+3.768844E-03
+45.498E-06,+20.100502E-03,+13.819095E-03
+45.598E-06,+20.100502E-03,+0.0E+00
+45.698E-06,+20.100502E-03,+20.100502E-03
+45.798E-06,+20.100502E-03,+0.0E+00
+45.898E-06,+13.819095E-03,+0.0E+00
+45.998E-06,+3.768844E-03,+0.0E+00
+46.098E-06,+0.0E+00,+0.0E+00
+46.198E-06,+0.0E+00,-15.075377E-03
+46.298E-06,+0.0E+00,+0.0E+00
+46.398E-06,-15.075377E-03,-20.100502E-03
+46.498E-06,-5.025126E-03,-20.100502E-03
+46.598E-06,-20.100502E-03,-20.100502E-03
+46.698E-06,-5.025126E-03,-13.819095E-03
+46.798E-06,-3.768844E-03,-35.175879E-03
+46.898E-06,-20.100502E-03,-33.919598E-03
+46.998E-06,-20.100502E-03,-20.100502E-03
+47.098E-06,-20.100502E-03,-20.100502E-03
+47.198E-06,-35.175879E-03,-40.201005E-03
+47.298E-06,-25.125628E-03,-40.201005E-03
+47.398E-06,-40.201005E-03,-55.276381E-03
+47.498E-06,-33.919598E-03,-40.201005E-03
+47.598E-06,-23.869346E-03,-40.201005E-03
+47.698E-06,-40.201005E-03,-60.301507E-03
+47.798E-06,-40.201005E-03,-60.301507E-03
+47.898E-06,-54.020100E-03,-45.226130E-03
+47.998E-06,-43.969849E-03,-60.301507E-03
+48.098E-06,-60.301507E-03,-60.301507E-03
+48.198E-06,-40.201005E-03,-60.301507E-03
+48.298E-06,-60.301507E-03,-60.301507E-03
+48.398E-06,-55.276381E-03,-60.301507E-03
+48.498E-06,-60.301507E-03,-60.301507E-03
+48.598E-06,-60.301507E-03,-64.070351E-03
+48.698E-06,-65.326632E-03,-80.402009E-03
+48.798E-06,-80.402009E-03,-80.402009E-03
+48.898E-06,-65.326632E-03,-80.402009E-03
+48.998E-06,-80.402009E-03,-80.402009E-03
+49.098E-06,-80.402009E-03,-100.502511E-03
+49.198E-06,-80.402009E-03,-100.502511E-03
+49.298E-06,-80.402009E-03,-100.502511E-03
+49.398E-06,-80.402009E-03,-100.502511E-03
+49.498E-06,-85.427135E-03,-100.502511E-03
+49.598E-06,-100.502511E-03,-100.502511E-03
+49.698E-06,-100.502511E-03,-100.502511E-03
+49.798E-06,-100.502511E-03,-120.603014E-03
+49.898E-06,-105.527637E-03,-120.603014E-03
+49.998E-06,-115.577888E-03,-104.271356E-03
+50.098E-06,-105.527637E-03,-120.603014E-03
+50.198E-06,-104.271356E-03,-115.577888E-03
+50.298E-06,-120.603014E-03,-120.603014E-03
+50.398E-06,-120.603014E-03,-120.603014E-03
+50.498E-06,-120.603014E-03,-120.603014E-03
+50.598E-06,-120.603014E-03,-135.678391E-03
+50.698E-06,-120.603014E-03,-140.703516E-03
+50.798E-06,-140.703516E-03,-155.778893E-03
+50.898E-06,-134.422109E-03,-140.703516E-03
+50.998E-06,-140.703516E-03,-140.703516E-03
+51.098E-06,-140.703516E-03,-140.703516E-03
+51.198E-06,-140.703516E-03,-160.804018E-03
+51.298E-06,-140.703516E-03,-160.804018E-03
+51.398E-06,-140.703516E-03,-160.804018E-03
+51.498E-06,-154.522611E-03,-160.804018E-03
+51.598E-06,-160.804018E-03,-160.804018E-03
+51.698E-06,-154.522611E-03,-160.804018E-03
+51.798E-06,-160.804018E-03,-164.572863E-03
+51.898E-06,-160.804018E-03,-180.904521E-03
+51.998E-06,-160.804018E-03,-175.879395E-03
+52.098E-06,-180.904521E-03,-180.904521E-03
+52.198E-06,-180.904521E-03,-180.904521E-03
+52.298E-06,-165.829144E-03,-180.904521E-03
+52.398E-06,-180.904521E-03,-180.904521E-03
+52.498E-06,-180.904521E-03,-201.005023E-03
+52.598E-06,-180.904521E-03,-195.979897E-03
+52.698E-06,-194.723616E-03,-185.929646E-03
+52.798E-06,-180.904521E-03,-201.005023E-03
+52.898E-06,-180.904521E-03,-201.005023E-03
+52.998E-06,-184.673365E-03,-184.673365E-03
+53.098E-06,-185.929646E-03,-201.005023E-03
+53.198E-06,-201.005023E-03,-204.773867E-03
+53.298E-06,-201.005023E-03,-206.030149E-03
+53.398E-06,-201.005023E-03,-221.105525E-03
+53.498E-06,-206.030149E-03,-221.105525E-03
+53.598E-06,-221.105525E-03,-221.105525E-03
+53.698E-06,-206.030149E-03,-221.105525E-03
+53.798E-06,-201.005023E-03,-221.105525E-03
+53.898E-06,-221.105525E-03,-241.206028E-03
+53.998E-06,-221.105525E-03,-241.206028E-03
+54.098E-06,-221.105525E-03,-226.130651E-03
+54.198E-06,-236.180902E-03,-236.180902E-03
+54.298E-06,-234.924621E-03,-241.206028E-03
+54.398E-06,-241.206028E-03,-244.974872E-03
+54.498E-06,-241.206028E-03,-246.231153E-03
+54.598E-06,-236.180902E-03,-261.306530E-03
+54.698E-06,-241.206028E-03,-241.206028E-03
+54.798E-06,-261.306530E-03,-261.306530E-03
+54.898E-06,-241.206028E-03,-255.025123E-03
+54.998E-06,-256.281404E-03,-261.306530E-03
+55.098E-06,-246.231153E-03,-261.306530E-03
+55.198E-06,-244.974872E-03,-256.281404E-03
+55.298E-06,-241.206028E-03,-275.125625E-03
+55.398E-06,-261.306530E-03,-261.306530E-03
+55.498E-06,-261.306530E-03,-275.125625E-03
+55.598E-06,-261.306530E-03,-265.075374E-03
+55.698E-06,-281.407032E-03,-281.407032E-03
+55.798E-06,-265.075374E-03,-281.407032E-03
+55.898E-06,-281.407032E-03,-281.407032E-03
+55.998E-06,-281.407032E-03,-281.407032E-03
+56.098E-06,-281.407032E-03,-281.407032E-03
+56.198E-06,-281.407032E-03,-281.407032E-03
+56.298E-06,-281.407032E-03,-301.507534E-03
+56.398E-06,-281.407032E-03,-296.482409E-03
+56.498E-06,-286.432158E-03,-295.226127E-03
+56.598E-06,-301.507534E-03,-301.507534E-03
+56.698E-06,-301.507534E-03,-301.507534E-03
+56.798E-06,-301.507534E-03,-301.507534E-03
+56.898E-06,-295.226127E-03,-321.608037E-03
+56.998E-06,-301.507534E-03,-301.507534E-03
+57.098E-06,-301.507534E-03,-306.532660E-03
+57.198E-06,-321.608037E-03,-321.608037E-03
+57.298E-06,-321.608037E-03,-315.326630E-03
+57.398E-06,-301.507534E-03,-321.608037E-03
+57.498E-06,-315.326630E-03,-321.608037E-03
+57.598E-06,-321.608037E-03,-341.708539E-03
+57.698E-06,-321.608037E-03,-321.608037E-03
+57.798E-06,-321.608037E-03,-321.608037E-03
+57.898E-06,-321.608037E-03,-326.633162E-03
+57.998E-06,-321.608037E-03,-336.683413E-03
+58.098E-06,-321.608037E-03,-341.708539E-03
+58.198E-06,-321.608037E-03,-341.708539E-03
+58.298E-06,-321.608037E-03,-355.527634E-03
+58.398E-06,-341.708539E-03,-336.683413E-03
+58.498E-06,-341.708539E-03,-341.708539E-03
+58.598E-06,-341.708539E-03,-345.477383E-03
+58.698E-06,-341.708539E-03,-341.708539E-03
+58.798E-06,-356.783916E-03,-361.809041E-03
+58.898E-06,-341.708539E-03,-341.708539E-03
+58.998E-06,-341.708539E-03,-361.809041E-03
+59.098E-06,-355.527634E-03,-361.809041E-03
+59.198E-06,-341.708539E-03,-361.809041E-03
+59.298E-06,-346.733665E-03,-361.809041E-03
+59.398E-06,-361.809041E-03,-365.577886E-03
+59.498E-06,-341.708539E-03,-361.809041E-03
+59.598E-06,-361.809041E-03,-376.884418E-03
+59.698E-06,-361.809041E-03,-375.628137E-03
+59.798E-06,-361.809041E-03,-376.884418E-03
+59.898E-06,-366.834167E-03,-366.834167E-03
+59.998E-06,-381.909544E-03,-381.909544E-03
+60.098E-06,-361.809041E-03,-381.909544E-03
+60.198E-06,-376.884418E-03,-381.909544E-03
+60.298E-06,-361.809041E-03,-381.909544E-03
+60.398E-06,-381.909544E-03,-381.909544E-03
+60.498E-06,-381.909544E-03,-395.728639E-03
+60.598E-06,-381.909544E-03,-396.984920E-03
+60.698E-06,-381.909544E-03,-395.728639E-03
+60.798E-06,-381.909544E-03,-402.010046E-03
+60.898E-06,-381.909544E-03,-402.010046E-03
+60.998E-06,-381.909544E-03,-402.010046E-03
+61.098E-06,-386.934669E-03,-386.934669E-03
+61.198E-06,-402.010046E-03,-402.010046E-03
+61.298E-06,-402.010046E-03,-402.010046E-03
+61.398E-06,-402.010046E-03,-402.010046E-03
+61.498E-06,-407.035172E-03,-407.035172E-03
+61.598E-06,-405.778890E-03,-402.010046E-03
+61.698E-06,-402.010046E-03,-415.829141E-03
+61.798E-06,-402.010046E-03,-417.085423E-03
+61.898E-06,-402.010046E-03,-402.010046E-03
+61.998E-06,-405.778890E-03,-422.110548E-03
+62.098E-06,-407.035172E-03,-422.110548E-03
+62.198E-06,-422.110548E-03,-422.110548E-03
+62.298E-06,-407.035172E-03,-407.035172E-03
+62.398E-06,-422.110548E-03,-437.185925E-03
+62.498E-06,-422.110548E-03,-442.211051E-03
+62.598E-06,-422.110548E-03,-425.879392E-03
+62.698E-06,-422.110548E-03,-427.135674E-03
+62.798E-06,-422.110548E-03,-425.879392E-03
+62.898E-06,-427.135674E-03,-427.135674E-03
+62.998E-06,-422.110548E-03,-437.185925E-03
+63.098E-06,-422.110548E-03,-442.211051E-03
+63.198E-06,-442.211051E-03,-442.211051E-03
+63.298E-06,-422.110548E-03,-442.211051E-03
+63.398E-06,-422.110548E-03,-442.211051E-03
+63.498E-06,-442.211051E-03,-447.236176E-03
+63.598E-06,-425.879392E-03,-442.211051E-03
+63.698E-06,-442.211051E-03,-442.211051E-03
+63.798E-06,-442.211051E-03,-442.211051E-03
+63.898E-06,-447.236176E-03,-442.211051E-03
+63.998E-06,-462.311553E-03,-445.979895E-03
+64.098E-06,-447.236176E-03,-462.311553E-03
+64.198E-06,-442.211051E-03,-445.979895E-03
+64.298E-06,-462.311553E-03,-442.211051E-03
+64.398E-06,-442.211051E-03,-462.311553E-03
+64.498E-06,-447.236176E-03,-462.311553E-03
+64.598E-06,-445.979895E-03,-466.080397E-03
+64.698E-06,-462.311553E-03,-462.311553E-03
+64.798E-06,-445.979895E-03,-482.412055E-03
+64.898E-06,-456.030146E-03,-467.336678E-03
+64.998E-06,-462.311553E-03,-462.311553E-03
+65.098E-06,-447.236176E-03,-467.336678E-03
+65.198E-06,-462.311553E-03,-462.311553E-03
+65.298E-06,-462.311553E-03,-462.311553E-03
+65.398E-06,-462.311553E-03,-462.311553E-03
+65.498E-06,-447.236176E-03,-467.336678E-03
+65.598E-06,-462.311553E-03,-462.311553E-03
+65.698E-06,-462.311553E-03,-482.412055E-03
+65.798E-06,-477.386930E-03,-462.311553E-03
+65.898E-06,-462.311553E-03,-467.336678E-03
+65.998E-06,-482.412055E-03,-477.386930E-03
+66.098E-06,-467.336678E-03,-482.412055E-03
+66.198E-06,-462.311553E-03,-477.386930E-03
+66.298E-06,-476.130648E-03,-476.130648E-03
+66.398E-06,-462.311553E-03,-482.412055E-03
+66.498E-06,-462.311553E-03,-476.130648E-03
+66.598E-06,-482.412055E-03,-482.412055E-03
+66.698E-06,-462.311553E-03,-496.231150E-03
+66.798E-06,-482.412055E-03,-486.180899E-03
+66.898E-06,-482.412055E-03,-482.412055E-03
+66.998E-06,-482.412055E-03,-486.180899E-03
+67.098E-06,-482.412055E-03,-482.412055E-03
+67.198E-06,-482.412055E-03,-497.487432E-03
+67.298E-06,-482.412055E-03,-482.412055E-03
+67.398E-06,-482.412055E-03,-482.412055E-03
+67.498E-06,-496.231150E-03,-482.412055E-03
+67.598E-06,-497.487432E-03,-482.412055E-03
+67.698E-06,-502.512557E-03,-496.231150E-03
+67.798E-06,-482.412055E-03,-486.180899E-03
+67.898E-06,-482.412055E-03,-487.437181E-03
+67.998E-06,-497.487432E-03,-502.512557E-03
+68.098E-06,-482.412055E-03,-502.512557E-03
+68.198E-06,-482.412055E-03,-482.412055E-03
+68.298E-06,-482.412055E-03,-482.412055E-03
+68.398E-06,-497.487432E-03,-502.512557E-03
+68.498E-06,-482.412055E-03,-487.437181E-03
+68.598E-06,-497.487432E-03,-502.512557E-03
+68.698E-06,-487.437181E-03,-487.437181E-03
+68.798E-06,-502.512557E-03,-502.512557E-03
+68.898E-06,-496.231150E-03,-502.512557E-03
+68.998E-06,-486.180899E-03,-506.281402E-03
+69.098E-06,-496.231150E-03,-502.512557E-03
+69.198E-06,-502.512557E-03,-502.512557E-03
+69.298E-06,-482.412055E-03,-502.512557E-03
+69.398E-06,-502.512557E-03,-502.512557E-03
+69.498E-06,-502.512557E-03,-502.512557E-03
+69.598E-06,-502.512557E-03,-517.587934E-03
+69.698E-06,-502.512557E-03,-502.512557E-03
+69.798E-06,-502.512557E-03,-502.512557E-03
+69.898E-06,-502.512557E-03,-502.512557E-03
+69.998E-06,-502.512557E-03,-506.281402E-03
+70.098E-06,-516.331653E-03,-502.512557E-03
+70.198E-06,-502.512557E-03,-502.512557E-03
+70.298E-06,-502.512557E-03,-502.512557E-03
+70.398E-06,-502.512557E-03,-502.512557E-03
+70.498E-06,-502.512557E-03,-516.331653E-03
+70.598E-06,-506.281402E-03,-502.512557E-03
+70.698E-06,-502.512557E-03,-502.512557E-03
+70.798E-06,-502.512557E-03,-502.512557E-03
+70.898E-06,-502.512557E-03,-516.331653E-03
+70.998E-06,-502.512557E-03,-522.613060E-03
+71.098E-06,-502.512557E-03,-507.537683E-03
+71.198E-06,-517.587934E-03,-517.587934E-03
+71.298E-06,-502.512557E-03,-516.331653E-03
+71.398E-06,-502.512557E-03,-506.281402E-03
+71.498E-06,-502.512557E-03,-502.512557E-03
+71.598E-06,-506.281402E-03,-502.512557E-03
+71.698E-06,-502.512557E-03,-502.512557E-03
+71.798E-06,-502.512557E-03,-522.613060E-03
+71.898E-06,-502.512557E-03,-502.512557E-03
+71.998E-06,-502.512557E-03,-506.281402E-03
+72.098E-06,-502.512557E-03,-502.512557E-03
+72.198E-06,-502.512557E-03,-506.281402E-03
+72.298E-06,-516.331653E-03,-502.512557E-03
+72.398E-06,-502.512557E-03,-506.281402E-03
+72.498E-06,-507.537683E-03,-502.512557E-03
+72.598E-06,-502.512557E-03,-522.613060E-03
+72.698E-06,-502.512557E-03,-507.537683E-03
+72.798E-06,-502.512557E-03,-517.587934E-03
+72.898E-06,-507.537683E-03,-522.613060E-03
+72.998E-06,-517.587934E-03,-486.180899E-03
+73.098E-06,-502.512557E-03,-502.512557E-03
+73.198E-06,-502.512557E-03,-502.512557E-03
+73.298E-06,-502.512557E-03,-502.512557E-03
+73.398E-06,-502.512557E-03,-502.512557E-03
+73.498E-06,-502.512557E-03,-516.331653E-03
+73.598E-06,-502.512557E-03,-502.512557E-03
+73.698E-06,-516.331653E-03,-516.331653E-03
+73.798E-06,-502.512557E-03,-502.512557E-03
+73.898E-06,-487.437181E-03,-496.231150E-03
+73.998E-06,-502.512557E-03,-502.512557E-03
+74.098E-06,-502.512557E-03,-516.331653E-03
+74.198E-06,-502.512557E-03,-502.512557E-03
+74.298E-06,-502.512557E-03,-516.331653E-03
+74.398E-06,-502.512557E-03,-502.512557E-03
+74.498E-06,-496.231150E-03,-502.512557E-03
+74.598E-06,-506.281402E-03,-502.512557E-03
+74.698E-06,-502.512557E-03,-496.231150E-03
+74.798E-06,-502.512557E-03,-522.613060E-03
+74.898E-06,-502.512557E-03,-502.512557E-03
+74.998E-06,-502.512557E-03,-502.512557E-03
+75.098E-06,-502.512557E-03,-487.437181E-03
+75.198E-06,-502.512557E-03,-502.512557E-03
+75.298E-06,-496.231150E-03,-482.412055E-03
+75.398E-06,-502.512557E-03,-502.512557E-03
+75.498E-06,-502.512557E-03,-507.537683E-03
+75.598E-06,-482.412055E-03,-486.180899E-03
+75.698E-06,-487.437181E-03,-487.437181E-03
+75.798E-06,-486.180899E-03,-497.487432E-03
+75.898E-06,-482.412055E-03,-502.512557E-03
+75.998E-06,-497.487432E-03,-502.512557E-03
+76.098E-06,-487.437181E-03,-482.412055E-03
+76.198E-06,-482.412055E-03,-482.412055E-03
+76.298E-06,-482.412055E-03,-487.437181E-03
+76.398E-06,-482.412055E-03,-482.412055E-03
+76.498E-06,-482.412055E-03,-496.231150E-03
+76.598E-06,-486.180899E-03,-486.180899E-03
+76.698E-06,-482.412055E-03,-482.412055E-03
+76.798E-06,-482.412055E-03,-482.412055E-03
+76.898E-06,-482.412055E-03,-487.437181E-03
+76.998E-06,-482.412055E-03,-482.412055E-03
+77.098E-06,-482.412055E-03,-482.412055E-03
+77.198E-06,-482.412055E-03,-482.412055E-03
+77.298E-06,-482.412055E-03,-482.412055E-03
+77.398E-06,-482.412055E-03,-482.412055E-03
+77.498E-06,-467.336678E-03,-482.412055E-03
+77.598E-06,-482.412055E-03,-482.412055E-03
+77.698E-06,-482.412055E-03,-482.412055E-03
+77.798E-06,-482.412055E-03,-482.412055E-03
+77.898E-06,-462.311553E-03,-462.311553E-03
+77.998E-06,-497.487432E-03,-477.386930E-03
+78.098E-06,-462.311553E-03,-462.311553E-03
+78.198E-06,-462.311553E-03,-462.311553E-03
+78.298E-06,-482.412055E-03,-462.311553E-03
+78.398E-06,-462.311553E-03,-477.386930E-03
+78.498E-06,-482.412055E-03,-462.311553E-03
+78.598E-06,-462.311553E-03,-482.412055E-03
+78.698E-06,-476.130648E-03,-476.130648E-03
+78.798E-06,-466.080397E-03,-462.311553E-03
+78.898E-06,-462.311553E-03,-462.311553E-03
+78.998E-06,-462.311553E-03,-462.311553E-03
+79.098E-06,-462.311553E-03,-462.311553E-03
+79.198E-06,-445.979895E-03,-462.311553E-03
+79.298E-06,-447.236176E-03,-462.311553E-03
+79.398E-06,-462.311553E-03,-462.311553E-03
+79.498E-06,-462.311553E-03,-462.311553E-03
+79.598E-06,-462.311553E-03,-462.311553E-03
+79.698E-06,-462.311553E-03,-462.311553E-03
+79.798E-06,-462.311553E-03,-457.286427E-03
+79.898E-06,-447.236176E-03,-462.311553E-03
+79.998E-06,-445.979895E-03,-442.211051E-03
+80.098E-06,-442.211051E-03,-456.030146E-03
+80.198E-06,-445.979895E-03,-457.286427E-03
+80.298E-06,-442.211051E-03,-442.211051E-03
+80.398E-06,-442.211051E-03,-457.286427E-03
+80.498E-06,-442.211051E-03,-442.211051E-03
+80.598E-06,-442.211051E-03,-425.879392E-03
+80.698E-06,-442.211051E-03,-442.211051E-03
+80.798E-06,-425.879392E-03,-442.211051E-03
+80.898E-06,-442.211051E-03,-442.211051E-03
+80.998E-06,-442.211051E-03,-442.211051E-03
+81.098E-06,-435.929644E-03,-442.211051E-03
+81.198E-06,-442.211051E-03,-425.879392E-03
+81.298E-06,-435.929644E-03,-427.135674E-03
+81.398E-06,-442.211051E-03,-422.110548E-03
+81.498E-06,-422.110548E-03,-442.211051E-03
+81.598E-06,-422.110548E-03,-422.110548E-03
+81.698E-06,-422.110548E-03,-422.110548E-03
+81.798E-06,-417.085423E-03,-422.110548E-03
+81.898E-06,-422.110548E-03,-422.110548E-03
+81.998E-06,-422.110548E-03,-417.085423E-03
+82.098E-06,-422.110548E-03,-422.110548E-03
+82.198E-06,-422.110548E-03,-422.110548E-03
+82.298E-06,-422.110548E-03,-402.010046E-03
+82.398E-06,-422.110548E-03,-422.110548E-03
+82.498E-06,-415.829141E-03,-415.829141E-03
+82.598E-06,-402.010046E-03,-402.010046E-03
+82.698E-06,-402.010046E-03,-402.010046E-03
+82.798E-06,-402.010046E-03,-405.778890E-03
+82.898E-06,-402.010046E-03,-395.728639E-03
+82.998E-06,-402.010046E-03,-385.678388E-03
+83.098E-06,-402.010046E-03,-386.934669E-03
+83.198E-06,-402.010046E-03,-385.678388E-03
+83.298E-06,-402.010046E-03,-395.728639E-03
+83.398E-06,-385.678388E-03,-381.909544E-03
+83.498E-06,-386.934669E-03,-402.010046E-03
+83.598E-06,-381.909544E-03,-381.909544E-03
+83.698E-06,-381.909544E-03,-386.934669E-03
+83.798E-06,-381.909544E-03,-381.909544E-03
+83.898E-06,-381.909544E-03,-381.909544E-03
+83.998E-06,-381.909544E-03,-381.909544E-03
+84.098E-06,-381.909544E-03,-381.909544E-03
+84.198E-06,-381.909544E-03,-381.909544E-03
+84.298E-06,-366.834167E-03,-375.628137E-03
+84.398E-06,-381.909544E-03,-376.884418E-03
+84.498E-06,-381.909544E-03,-361.809041E-03
+84.598E-06,-376.884418E-03,-361.809041E-03
+84.698E-06,-361.809041E-03,-366.834167E-03
+84.798E-06,-361.809041E-03,-376.884418E-03
+84.898E-06,-361.809041E-03,-361.809041E-03
+84.998E-06,-361.809041E-03,-356.783916E-03
+85.098E-06,-361.809041E-03,-355.527634E-03
+85.198E-06,-345.477383E-03,-356.783916E-03
+85.298E-06,-341.708539E-03,-341.708539E-03
+85.398E-06,-345.477383E-03,-361.809041E-03
+85.498E-06,-341.708539E-03,-341.708539E-03
+85.598E-06,-361.809041E-03,-341.708539E-03
+85.698E-06,-341.708539E-03,-341.708539E-03
+85.798E-06,-341.708539E-03,-341.708539E-03
+85.898E-06,-341.708539E-03,-335.427132E-03
+85.998E-06,-341.708539E-03,-341.708539E-03
+86.098E-06,-335.427132E-03,-326.633162E-03
+86.198E-06,-341.708539E-03,-341.708539E-03
+86.298E-06,-335.427132E-03,-335.427132E-03
+86.398E-06,-336.683413E-03,-321.608037E-03
+86.498E-06,-321.608037E-03,-326.633162E-03
+86.598E-06,-321.608037E-03,-321.608037E-03
+86.698E-06,-321.608037E-03,-315.326630E-03
+86.798E-06,-321.608037E-03,-321.608037E-03
+86.898E-06,-321.608037E-03,-321.608037E-03
+86.998E-06,-321.608037E-03,-305.276379E-03
+87.098E-06,-306.532660E-03,-301.507534E-03
+87.198E-06,-305.276379E-03,-301.507534E-03
+87.298E-06,-315.326630E-03,-295.226127E-03
+87.398E-06,-301.507534E-03,-285.175876E-03
+87.498E-06,-315.326630E-03,-301.507534E-03
+87.598E-06,-301.507534E-03,-281.407032E-03
+87.698E-06,-301.507534E-03,-295.226127E-03
+87.798E-06,-301.507534E-03,-281.407032E-03
+87.898E-06,-301.507534E-03,-301.507534E-03
+87.998E-06,-296.482409E-03,-281.407032E-03
+88.098E-06,-295.226127E-03,-281.407032E-03
+88.198E-06,-296.482409E-03,-281.407032E-03
+88.298E-06,-281.407032E-03,-281.407032E-03
+88.398E-06,-281.407032E-03,-276.381907E-03
+88.498E-06,-275.125625E-03,-281.407032E-03
+88.598E-06,-281.407032E-03,-265.075374E-03
+88.698E-06,-281.407032E-03,-261.306530E-03
+88.798E-06,-261.306530E-03,-261.306530E-03
+88.898E-06,-261.306530E-03,-261.306530E-03
+88.998E-06,-276.381907E-03,-261.306530E-03
+89.098E-06,-241.206028E-03,-255.025123E-03
+89.198E-06,-261.306530E-03,-244.974872E-03
+89.298E-06,-255.025123E-03,-261.306530E-03
+89.398E-06,-261.306530E-03,-241.206028E-03
+89.498E-06,-241.206028E-03,-241.206028E-03
+89.598E-06,-261.306530E-03,-241.206028E-03
+89.698E-06,-241.206028E-03,-255.025123E-03
+89.798E-06,-224.874369E-03,-241.206028E-03
+89.898E-06,-241.206028E-03,-241.206028E-03
+89.998E-06,-241.206028E-03,-221.105525E-03
+90.098E-06,-241.206028E-03,-221.105525E-03
+90.198E-06,-224.874369E-03,-221.105525E-03
+90.298E-06,-234.924621E-03,-221.105525E-03
+90.398E-06,-236.180902E-03,-216.080400E-03
+90.498E-06,-221.105525E-03,-221.105525E-03
+90.598E-06,-221.105525E-03,-221.105525E-03
+90.698E-06,-221.105525E-03,-221.105525E-03
+90.798E-06,-221.105525E-03,-204.773867E-03
+90.898E-06,-221.105525E-03,-206.030149E-03
+90.998E-06,-201.005023E-03,-201.005023E-03
+91.098E-06,-201.005023E-03,-201.005023E-03
+91.198E-06,-201.005023E-03,-184.673365E-03
+91.298E-06,-201.005023E-03,-201.005023E-03
+91.398E-06,-201.005023E-03,-184.673365E-03
+91.498E-06,-180.904521E-03,-201.005023E-03
+91.598E-06,-201.005023E-03,-180.904521E-03
+91.698E-06,-185.929646E-03,-180.904521E-03
+91.798E-06,-195.979897E-03,-201.005023E-03
+91.898E-06,-180.904521E-03,-174.623114E-03
+91.998E-06,-180.904521E-03,-160.804018E-03
+92.098E-06,-174.623114E-03,-174.623114E-03
+92.198E-06,-180.904521E-03,-180.904521E-03
+92.298E-06,-180.904521E-03,-174.623114E-03
+92.398E-06,-175.879395E-03,-175.879395E-03
+92.498E-06,-160.804018E-03,-145.728642E-03
+92.598E-06,-160.804018E-03,-175.879395E-03
+92.698E-06,-160.804018E-03,-145.728642E-03
+92.798E-06,-155.778893E-03,-160.804018E-03
+92.898E-06,-160.804018E-03,-140.703516E-03
+92.998E-06,-155.778893E-03,-140.703516E-03
+93.098E-06,-145.728642E-03,-140.703516E-03
+93.198E-06,-140.703516E-03,-140.703516E-03
+93.298E-06,-140.703516E-03,-134.422109E-03
+93.398E-06,-140.703516E-03,-124.371858E-03
+93.498E-06,-140.703516E-03,-120.603014E-03
+93.598E-06,-140.703516E-03,-120.603014E-03
+93.698E-06,-125.628139E-03,-120.603014E-03
+93.798E-06,-120.603014E-03,-120.603014E-03
+93.898E-06,-120.603014E-03,-120.603014E-03
+93.998E-06,-120.603014E-03,-120.603014E-03
+94.098E-06,-120.603014E-03,-120.603014E-03
+94.198E-06,-120.603014E-03,-104.271356E-03
+94.298E-06,-120.603014E-03,-114.321607E-03
+94.398E-06,-115.577888E-03,-100.502511E-03
+94.498E-06,-105.527637E-03,-114.321607E-03
+94.598E-06,-104.271356E-03,-84.170853E-03
+94.698E-06,-100.502511E-03,-100.502511E-03
+94.798E-06,-84.170853E-03,-95.477386E-03
+94.898E-06,-85.427135E-03,-85.427135E-03
+94.998E-06,-100.502511E-03,-84.170853E-03
+95.098E-06,-80.402009E-03,-80.402009E-03
+95.198E-06,-84.170853E-03,-80.402009E-03
+95.298E-06,-94.221105E-03,-80.402009E-03
+95.398E-06,-80.402009E-03,-80.402009E-03
+95.498E-06,-80.402009E-03,-80.402009E-03
+95.598E-06,-75.376884E-03,-60.301507E-03
+95.698E-06,-60.301507E-03,-65.326632E-03
+95.798E-06,-80.402009E-03,-60.301507E-03
+95.898E-06,-65.326632E-03,-60.301507E-03
+95.998E-06,-80.402009E-03,-60.301507E-03
+96.098E-06,-74.120602E-03,-40.201005E-03
+96.198E-06,-60.301507E-03,-55.276381E-03
+96.298E-06,-60.301507E-03,-60.301507E-03
+96.398E-06,-60.301507E-03,-55.276381E-03
+96.498E-06,-60.301507E-03,-40.201005E-03
+96.598E-06,-60.301507E-03,-40.201005E-03
+96.698E-06,-40.201005E-03,-40.201005E-03
+96.798E-06,-40.201005E-03,-40.201005E-03
+96.898E-06,-25.125628E-03,-40.201005E-03
+96.998E-06,-40.201005E-03,-23.869346E-03
+97.098E-06,-25.125628E-03,-20.100502E-03
+97.198E-06,-40.201005E-03,-20.100502E-03
+97.298E-06,-40.201005E-03,-20.100502E-03
+97.398E-06,-23.869346E-03,-8.793970E-03
+97.498E-06,-25.125628E-03,-5.025126E-03
+97.598E-06,-20.100502E-03,-15.075377E-03
+97.698E-06,-20.100502E-03,-20.100502E-03
+97.798E-06,-20.100502E-03,-3.768844E-03
+97.898E-06,-20.100502E-03,+0.0E+00
+97.998E-06,-20.100502E-03,+0.0E+00
+98.098E-06,-13.819095E-03,+13.819095E-03
+98.198E-06,+0.0E+00,+0.0E+00
+98.298E-06,+0.0E+00,+13.819095E-03
+98.398E-06,+0.0E+00,+20.100502E-03
+98.498E-06,+0.0E+00,+0.0E+00
+98.598E-06,+3.768844E-03,+20.100502E-03
+98.698E-06,+0.0E+00,+20.100502E-03
+98.798E-06,+20.100502E-03,+20.100502E-03
+98.898E-06,+0.0E+00,+33.919598E-03
+98.998E-06,+20.100502E-03,+23.869346E-03
+99.098E-06,+20.100502E-03,+25.125628E-03
+99.198E-06,+20.100502E-03,+40.201005E-03
+99.298E-06,+20.100502E-03,+40.201005E-03
+99.398E-06,+20.100502E-03,+40.201005E-03
+99.498E-06,+40.201005E-03,+40.201005E-03
+99.598E-06,+40.201005E-03,+40.201005E-03
+99.698E-06,+40.201005E-03,+45.226130E-03
+99.798E-06,+40.201005E-03,+40.201005E-03
+99.898E-06,+45.226130E-03,+60.301507E-03
